filename,true_label,source_original_pred,source_adv_pred,source_attack_success,tf2torch_inception_v3_pred,tf2torch_inception_v3_fooled,tf2torch_inception_v4_pred,tf2torch_inception_v4_fooled,tf2torch_resnet_v2_50_pred,tf2torch_resnet_v2_50_fooled,tf2torch_resnet_v2_101_pred,tf2torch_resnet_v2_101_fooled,tf2torch_resnet_v2_152_pred,tf2torch_resnet_v2_152_fooled,tf2torch_inc_res_v2_pred,tf2torch_inc_res_v2_fooled,tf2torch_ens3_adv_inc_v3_pred,tf2torch_ens3_adv_inc_v3_fooled,tf2torch_ens4_adv_inc_v3_pred,tf2torch_ens4_adv_inc_v3_fooled,tf2torch_ens_adv_inc_res_v2_pred,tf2torch_ens_adv_inc_res_v2_fooled
ILSVRC2012_val_00018317.png,1,1,516,True,516,True,516,True,516,True,516,True,516,True,516,True,516,True,516,True,516,True
ILSVRC2012_val_00045761.png,2,2,905,True,905,True,905,True,905,True,905,True,905,True,905,True,905,True,905,True,905,True
ILSVRC2012_val_00020011.png,3,3,787,True,787,True,787,True,742,True,787,True,787,True,787,True,749,True,787,True,787,True
ILSVRC2012_val_00026001.png,4,4,432,True,432,True,432,True,670,True,771,True,751,True,475,True,285,True,432,True,432,True
ILSVRC2012_val_00035367.png,5,5,798,True,798,True,798,True,798,True,255,True,798,True,798,True,798,True,798,True,798,True
ILSVRC2012_val_00017440.png,6,6,652,True,652,True,652,True,652,True,652,True,652,True,652,True,652,True,652,True,557,True
ILSVRC2012_val_00026908.png,7,7,698,True,432,True,698,True,642,True,918,True,612,True,612,True,670,True,612,True,852,True
ILSVRC2012_val_00028221.png,8,8,751,True,751,True,751,True,751,True,751,True,751,True,751,True,751,True,751,True,751,True
ILSVRC2012_val_00026271.png,9,9,816,True,980,True,905,True,816,True,707,True,816,True,816,True,704,True,707,True,563,True
ILSVRC2012_val_00049090.png,10,10,905,True,905,True,905,True,592,True,905,True,905,True,609,True,465,True,905,True,905,True
ILSVRC2012_val_00037748.png,11,11,905,True,905,True,905,True,905,True,905,True,905,True,905,True,905,True,905,True,905,True
ILSVRC2012_val_00016252.png,12,12,905,True,905,True,905,True,905,True,905,True,905,True,905,True,905,True,905,True,905,True
ILSVRC2012_val_00020495.png,13,13,592,True,592,True,592,True,592,True,592,True,886,True,592,True,110,True,701,True,701,True
ILSVRC2012_val_00003116.png,14,14,905,True,980,True,905,True,905,True,905,True,974,True,905,True,971,True,905,True,971,True
ILSVRC2012_val_00027811.png,15,15,139,True,384,True,384,True,18,True,139,True,341,True,139,True,384,True,18,True,18,True
ILSVRC2012_val_00034482.png,16,16,973,True,83,True,776,True,973,True,973,True,501,True,973,True,13,True,15,True,15,True
ILSVRC2012_val_00042600.png,17,17,89,True,89,True,85,True,85,True,89,True,89,True,89,True,89,True,93,True,96,True
ILSVRC2012_val_00034144.png,18,18,751,True,751,True,751,True,751,True,997,True,110,True,751,True,612,True,600,True,293,True
ILSVRC2012_val_00041206.png,19,19,13,True,13,True,13,True,13,True,13,True,13,True,13,True,13,True,13,True,13,True
ILSVRC2012_val_00017017.png,20,20,751,True,751,True,751,True,751,True,751,True,751,True,751,True,530,True,515,True,20,False
ILSVRC2012_val_00024059.png,21,21,905,True,905,True,905,True,905,True,905,True,600,True,905,True,341,True,341,True,905,True
ILSVRC2012_val_00013393.png,22,22,24,True,24,True,24,True,24,True,24,True,24,True,24,True,24,True,24,True,24,True
ILSVRC2012_val_00040474.png,23,23,922,True,922,True,922,True,377,True,922,True,922,True,922,True,44,True,377,True,563,True
ILSVRC2012_val_00022165.png,24,24,185,True,203,True,176,True,220,True,220,True,227,True,185,True,227,True,227,True,176,True
ILSVRC2012_val_00000318.png,25,25,899,True,465,True,899,True,856,True,563,True,563,True,491,True,459,True,856,True,563,True
ILSVRC2012_val_00012588.png,26,26,905,True,282,True,25,True,905,True,905,True,905,True,905,True,905,True,339,True,25,True
ILSVRC2012_val_00007561.png,27,27,729,True,729,True,729,True,729,True,729,True,729,True,729,True,729,True,729,True,729,True
ILSVRC2012_val_00017185.png,28,28,751,True,48,True,751,True,48,True,886,True,68,True,886,True,117,True,48,True,48,True
ILSVRC2012_val_00027931.png,29,29,592,True,592,True,592,True,592,True,592,True,592,True,592,True,592,True,592,True,328,True
ILSVRC2012_val_00013940.png,30,30,751,True,751,True,751,True,751,True,751,True,751,True,751,True,751,True,751,True,751,True
ILSVRC2012_val_00028352.png,31,31,751,True,886,True,798,True,341,True,341,True,569,True,886,True,44,True,415,True,31,False
ILSVRC2012_val_00043303.png,32,32,464,True,464,True,470,True,464,True,470,True,828,True,464,True,464,True,464,True,464,True
ILSVRC2012_val_00011303.png,33,33,751,True,751,True,51,True,110,True,110,True,51,True,251,True,25,True,134,True,268,True
ILSVRC2012_val_00041641.png,34,34,592,True,751,True,592,True,110,True,435,True,110,True,886,True,886,True,592,True,592,True
ILSVRC2012_val_00044755.png,35,35,905,True,905,True,905,True,905,True,905,True,905,True,905,True,905,True,905,True,905,True
ILSVRC2012_val_00013394.png,36,36,751,True,751,True,798,True,751,True,751,True,751,True,751,True,751,True,729,True,751,True
ILSVRC2012_val_00034770.png,37,37,621,True,621,True,621,True,621,True,621,True,621,True,621,True,621,True,621,True,621,True
ILSVRC2012_val_00027858.png,38,38,886,True,751,True,592,True,592,True,110,True,886,True,751,True,888,True,751,True,38,False
ILSVRC2012_val_00026793.png,39,39,798,True,798,True,798,True,798,True,798,True,798,True,798,True,798,True,798,True,798,True
ILSVRC2012_val_00033058.png,40,40,855,True,855,True,855,True,855,True,855,True,855,True,855,True,855,True,855,True,855,True
ILSVRC2012_val_00044996.png,41,41,729,True,729,True,729,True,729,True,729,True,729,True,729,True,729,True,729,True,729,True
ILSVRC2012_val_00042602.png,42,42,749,True,894,True,749,True,435,True,742,True,751,True,435,True,749,True,435,True,710,True
ILSVRC2012_val_00022247.png,43,43,110,True,110,True,88,True,110,True,110,True,110,True,110,True,110,True,110,True,110,True
ILSVRC2012_val_00044980.png,44,44,88,True,698,True,88,True,88,True,670,True,690,True,88,True,670,True,670,True,515,True
ILSVRC2012_val_00021786.png,45,45,751,True,751,True,751,True,751,True,751,True,751,True,751,True,751,True,751,True,751,True
ILSVRC2012_val_00047675.png,46,46,905,True,739,True,905,True,51,True,905,True,905,True,905,True,600,True,905,True,905,True
ILSVRC2012_val_00039203.png,47,47,48,True,48,True,48,True,48,True,48,True,48,True,48,True,48,True,48,True,48,True
ILSVRC2012_val_00017490.png,48,48,609,True,609,True,894,True,557,True,70,True,773,True,491,True,70,True,749,True,70,True
ILSVRC2012_val_00019652.png,49,49,466,True,466,True,982,True,462,True,458,True,907,True,462,True,784,True,982,True,709,True
ILSVRC2012_val_00035623.png,50,50,905,True,905,True,905,True,905,True,905,True,905,True,905,True,905,True,905,True,905,True
ILSVRC2012_val_00018666.png,51,51,612,True,612,True,612,True,612,True,612,True,612,True,886,True,612,True,751,True,612,True
ILSVRC2012_val_00027193.png,52,52,852,True,852,True,852,True,899,True,783,True,852,True,519,True,616,True,852,True,899,True
ILSVRC2012_val_00046257.png,53,53,905,True,905,True,905,True,117,True,905,True,905,True,905,True,905,True,905,True,905,True
ILSVRC2012_val_00031596.png,54,54,670,True,670,True,670,True,670,True,670,True,343,True,670,True,365,True,365,True,670,True
ILSVRC2012_val_00039732.png,55,55,751,True,530,True,751,True,751,True,751,True,751,True,751,True,751,True,751,True,798,True
ILSVRC2012_val_00030719.png,56,56,515,True,557,True,795,True,637,True,515,True,355,True,515,True,515,True,477,True,886,True
ILSVRC2012_val_00005676.png,57,57,412,True,444,True,412,True,444,True,592,True,592,True,592,True,444,True,444,True,444,True
ILSVRC2012_val_00006699.png,58,58,670,True,670,True,670,True,670,True,670,True,670,True,670,True,670,True,884,True,463,True
ILSVRC2012_val_00034970.png,59,59,52,True,52,True,670,True,460,True,477,True,477,True,644,True,460,True,477,True,460,True
ILSVRC2012_val_00002439.png,60,60,790,True,790,True,79,True,585,True,770,True,770,True,594,True,547,True,601,True,770,True
ILSVRC2012_val_00033547.png,61,61,332,True,297,True,332,True,320,True,345,True,51,True,319,True,112,True,70,True,70,True
ILSVRC2012_val_00013730.png,62,62,749,True,460,True,460,True,749,True,749,True,749,True,460,True,749,True,749,True,62,False
ILSVRC2012_val_00017927.png,63,63,751,True,751,True,886,True,490,True,751,True,972,True,905,True,751,True,751,True,751,True
ILSVRC2012_val_00049823.png,64,64,491,True,491,True,491,True,491,True,491,True,491,True,491,True,491,True,491,True,491,True
ILSVRC2012_val_00028197.png,65,65,584,True,983,True,651,True,462,True,584,True,904,True,584,True,584,True,642,True,904,True
ILSVRC2012_val_00000324.png,66,66,435,True,435,True,479,True,435,True,435,True,435,True,722,True,479,True,479,True,795,True
ILSVRC2012_val_00046538.png,67,67,816,True,816,True,526,True,973,True,973,True,816,True,816,True,68,True,68,True,68,True
ILSVRC2012_val_00038068.png,68,68,412,True,412,True,602,True,722,True,751,True,602,True,412,True,432,True,736,True,916,True
ILSVRC2012_val_00024609.png,69,69,592,True,592,True,937,True,69,False,592,True,886,True,641,True,885,True,641,True,794,True
ILSVRC2012_val_00015756.png,70,70,905,True,905,True,753,True,905,True,905,True,892,True,905,True,905,True,888,True,905,True
ILSVRC2012_val_00037311.png,71,71,109,True,109,True,329,True,999,True,581,True,999,True,999,True,999,True,999,True,2,True
ILSVRC2012_val_00043197.png,72,72,918,True,918,True,918,True,918,True,918,True,918,True,918,True,918,True,918,True,918,True
ILSVRC2012_val_00003008.png,73,73,742,True,886,True,742,True,742,True,742,True,742,True,742,True,74,True,74,True,73,False
ILSVRC2012_val_00023692.png,74,74,754,True,754,True,754,True,754,True,754,True,754,True,754,True,754,True,754,True,754,True
ILSVRC2012_val_00046384.png,75,75,585,True,550,True,585,True,722,True,585,True,435,True,869,True,550,True,585,True,722,True
ILSVRC2012_val_00016936.png,76,76,314,True,314,True,314,True,314,True,314,True,314,True,314,True,314,True,314,True,314,True
ILSVRC2012_val_00041311.png,77,77,557,True,557,True,557,True,557,True,557,True,557,True,557,True,557,True,557,True,557,True
ILSVRC2012_val_00010801.png,78,78,886,True,980,True,886,True,886,True,886,True,886,True,886,True,751,True,886,True,886,True
ILSVRC2012_val_00032783.png,79,79,905,True,592,True,905,True,905,True,905,True,905,True,750,True,999,True,954,True,905,True
ILSVRC2012_val_00005072.png,80,80,855,True,855,True,855,True,855,True,855,True,855,True,855,True,855,True,855,True,855,True
ILSVRC2012_val_00007126.png,81,81,435,True,637,True,88,True,50,True,391,True,475,True,912,True,592,True,851,True,641,True
ILSVRC2012_val_00009827.png,82,82,905,True,905,True,905,True,905,True,905,True,905,True,25,True,905,True,25,True,25,True
ILSVRC2012_val_00036573.png,83,83,886,True,578,True,886,True,886,True,886,True,886,True,886,True,888,True,886,True,886,True
ILSVRC2012_val_00033098.png,84,84,905,True,905,True,905,True,905,True,905,True,905,True,905,True,905,True,905,True,905,True
ILSVRC2012_val_00022767.png,85,85,592,True,611,True,592,True,592,True,592,True,592,True,843,True,611,True,592,True,907,True
ILSVRC2012_val_00043990.png,86,86,609,True,609,True,905,True,466,True,886,True,751,True,609,True,656,True,609,True,816,True
ILSVRC2012_val_00043041.png,87,87,869,True,886,True,592,True,592,True,592,True,592,True,869,True,465,True,592,True,87,False
ILSVRC2012_val_00049962.png,88,88,432,True,432,True,432,True,432,True,432,True,432,True,432,True,432,True,432,True,517,True
ILSVRC2012_val_00012864.png,89,89,751,True,415,True,751,True,647,True,893,True,634,True,712,True,692,True,794,True,692,True
ILSVRC2012_val_00041041.png,90,90,701,True,701,True,1000,True,701,True,1000,True,701,True,701,True,530,True,1000,True,1000,True
ILSVRC2012_val_00007778.png,91,91,852,True,852,True,852,True,797,True,852,True,852,True,852,True,476,True,797,True,783,True
ILSVRC2012_val_00044108.png,92,92,751,True,751,True,751,True,751,True,751,True,751,True,751,True,751,True,751,True,751,True
ILSVRC2012_val_00040014.png,93,93,88,True,88,True,88,True,88,True,88,True,88,True,88,True,88,True,88,True,88,True
ILSVRC2012_val_00048549.png,94,94,751,True,751,True,751,True,751,True,592,True,771,True,519,True,771,True,771,True,519,True
ILSVRC2012_val_00023796.png,95,95,751,True,751,True,751,True,751,True,751,True,751,True,751,True,751,True,751,True,751,True
ILSVRC2012_val_00011315.png,96,96,51,True,670,True,27,True,80,True,51,True,320,True,51,True,51,True,46,True,773,True
ILSVRC2012_val_00036354.png,97,97,602,True,415,True,565,True,515,True,602,True,751,True,670,True,602,True,602,True,602,True
ILSVRC2012_val_00022364.png,98,98,798,True,52,True,558,True,756,True,880,True,807,True,798,True,798,True,702,True,702,True
ILSVRC2012_val_00036162.png,99,99,751,True,530,True,751,True,972,True,972,True,972,True,751,True,149,True,792,True,99,False
ILSVRC2012_val_00029785.png,100,100,550,True,550,True,722,True,724,True,592,True,592,True,550,True,592,True,311,True,550,True
ILSVRC2012_val_00009998.png,101,101,293,True,293,True,283,True,293,True,293,True,293,True,293,True,293,True,283,True,293,True
ILSVRC2012_val_00036826.png,102,102,387,True,387,True,387,True,387,True,387,True,387,True,387,True,387,True,387,True,387,True
ILSVRC2012_val_00030772.png,103,103,905,True,905,True,905,True,974,True,816,True,905,True,905,True,905,True,905,True,974,True
ILSVRC2012_val_00042336.png,104,104,825,True,912,True,736,True,825,True,825,True,825,True,825,True,701,True,311,True,825,True
ILSVRC2012_val_00046362.png,105,105,905,True,905,True,905,True,905,True,905,True,905,True,889,True,889,True,889,True,905,True
ILSVRC2012_val_00015072.png,106,106,751,True,751,True,751,True,751,True,751,True,886,True,751,True,751,True,751,True,751,True
ILSVRC2012_val_00015717.png,107,107,612,True,612,True,612,True,612,True,612,True,612,True,121,True,789,True,612,True,989,True
ILSVRC2012_val_00038400.png,108,108,665,True,52,True,751,True,599,True,665,True,665,True,599,True,599,True,820,True,728,True
ILSVRC2012_val_00012332.png,109,109,808,True,808,True,808,True,392,True,914,True,972,True,729,True,869,True,972,True,510,True
ILSVRC2012_val_00017794.png,110,110,912,True,751,True,825,True,912,True,609,True,912,True,912,True,912,True,912,True,886,True
ILSVRC2012_val_00033409.png,111,111,905,True,905,True,905,True,905,True,905,True,905,True,905,True,905,True,364,True,974,True
ILSVRC2012_val_00026452.png,112,112,584,True,584,True,584,True,584,True,584,True,584,True,584,True,584,True,584,True,584,True
ILSVRC2012_val_00028654.png,113,113,852,True,852,True,852,True,783,True,852,True,746,True,852,True,852,True,860,True,746,True
ILSVRC2012_val_00030012.png,114,114,729,True,729,True,729,True,729,True,729,True,729,True,729,True,729,True,729,True,729,True
ILSVRC2012_val_00018757.png,115,115,905,True,905,True,905,True,905,True,905,True,905,True,905,True,905,True,905,True,905,True
ILSVRC2012_val_00008160.png,116,116,563,True,751,True,563,True,397,True,397,True,397,True,507,True,972,True,397,True,397,True
ILSVRC2012_val_00028345.png,117,117,905,True,905,True,905,True,905,True,905,True,905,True,905,True,889,True,889,True,956,True
ILSVRC2012_val_00034644.png,118,118,751,True,751,True,637,True,751,True,751,True,465,True,751,True,843,True,609,True,886,True
ILSVRC2012_val_00040764.png,119,119,962,True,962,True,962,True,962,True,962,True,962,True,962,True,962,True,962,True,911,True
ILSVRC2012_val_00011071.png,120,120,592,True,282,True,44,True,44,True,44,True,44,True,751,True,44,True,825,True,40,True
ILSVRC2012_val_00017911.png,121,121,729,True,729,True,729,True,729,True,729,True,729,True,729,True,729,True,729,True,729,True
ILSVRC2012_val_00023264.png,122,122,612,True,48,True,989,True,612,True,612,True,612,True,612,True,612,True,634,True,989,True
ILSVRC2012_val_00046975.png,123,123,974,True,283,True,974,True,335,True,110,True,397,True,397,True,282,True,457,True,463,True
ILSVRC2012_val_00012455.png,124,124,905,True,905,True,825,True,905,True,905,True,825,True,825,True,808,True,825,True,490,True
ILSVRC2012_val_00049661.png,125,125,569,True,435,True,825,True,117,True,974,True,825,True,569,True,435,True,70,True,851,True
ILSVRC2012_val_00031943.png,126,126,905,True,905,True,905,True,25,True,905,True,905,True,905,True,905,True,44,True,905,True
ILSVRC2012_val_00042774.png,127,127,592,True,592,True,592,True,435,True,592,True,435,True,592,True,127,False,127,False,127,False
ILSVRC2012_val_00026340.png,128,128,905,True,364,True,95,True,592,True,95,True,313,True,905,True,312,True,364,True,142,True
ILSVRC2012_val_00026338.png,129,129,670,True,670,True,412,True,595,True,729,True,129,False,432,True,129,False,129,False,129,False
ILSVRC2012_val_00013256.png,130,130,905,True,905,True,670,True,905,True,905,True,905,True,798,True,609,True,905,True,905,True
ILSVRC2012_val_00000356.png,131,131,905,True,905,True,905,True,905,True,905,True,328,True,905,True,905,True,905,True,905,True
ILSVRC2012_val_00033760.png,132,132,729,True,729,True,361,True,729,True,729,True,729,True,729,True,729,True,729,True,729,True
ILSVRC2012_val_00026861.png,133,133,729,True,729,True,729,True,729,True,729,True,151,True,729,True,147,True,134,True,133,False
ILSVRC2012_val_00042966.png,134,134,335,True,751,True,139,True,134,False,999,True,563,True,854,True,854,True,854,True,134,False
ILSVRC2012_val_00037379.png,135,135,670,True,670,True,670,True,809,True,698,True,670,True,670,True,670,True,670,True,670,True
ILSVRC2012_val_00019998.png,136,136,670,True,670,True,670,True,477,True,407,True,460,True,885,True,477,True,888,True,51,True
ILSVRC2012_val_00024020.png,137,137,7,True,751,True,7,True,139,True,826,True,59,True,34,True,37,True,51,True,50,True
ILSVRC2012_val_00006814.png,138,138,670,True,670,True,670,True,670,True,670,True,670,True,670,True,670,True,670,True,670,True
ILSVRC2012_val_00038522.png,139,139,816,True,816,True,905,True,51,True,826,True,980,True,980,True,826,True,40,True,40,True
ILSVRC2012_val_00042705.png,140,140,141,True,141,True,141,True,141,True,141,True,141,True,141,True,141,True,141,True,141,True
ILSVRC2012_val_00003964.png,141,141,905,True,905,True,905,True,905,True,905,True,905,True,905,True,905,True,143,True,143,True
ILSVRC2012_val_00000470.png,142,142,729,True,729,True,729,True,729,True,729,True,729,True,729,True,729,True,729,True,729,True
ILSVRC2012_val_00029913.png,143,143,592,True,592,True,592,True,592,True,313,True,592,True,592,True,592,True,592,True,70,True
ILSVRC2012_val_00011052.png,144,144,341,True,282,True,10,True,341,True,341,True,341,True,341,True,675,True,341,True,341,True
ILSVRC2012_val_00043841.png,145,145,592,True,585,True,550,True,34,True,724,True,397,True,550,True,724,True,724,True,22,True
ILSVRC2012_val_00047685.png,146,146,751,True,843,True,751,True,751,True,751,True,751,True,751,True,895,True,843,True,895,True
ILSVRC2012_val_00031023.png,147,147,905,True,905,True,905,True,412,True,412,True,530,True,794,True,412,True,905,True,905,True
ILSVRC2012_val_00041029.png,148,148,905,True,905,True,905,True,905,True,905,True,702,True,905,True,702,True,702,True,702,True
ILSVRC2012_val_00028941.png,149,149,905,True,905,True,905,True,905,True,905,True,905,True,905,True,905,True,905,True,905,True
ILSVRC2012_val_00022669.png,150,150,592,True,670,True,825,True,328,True,825,True,825,True,328,True,364,True,855,True,330,True
ILSVRC2012_val_00046758.png,151,151,475,True,475,True,475,True,491,True,491,True,102,True,491,True,786,True,786,True,364,True
ILSVRC2012_val_00039439.png,152,152,264,True,264,True,264,True,264,True,264,True,264,True,264,True,264,True,264,True,264,True
ILSVRC2012_val_00037960.png,153,153,905,True,25,True,974,True,992,True,25,True,992,True,905,True,739,True,974,True,992,True
ILSVRC2012_val_00039695.png,154,154,223,True,223,True,223,True,223,True,223,True,223,True,223,True,223,True,223,True,223,True
ILSVRC2012_val_00001069.png,155,155,286,True,286,True,286,True,286,True,286,True,286,True,286,True,282,True,286,True,282,True
ILSVRC2012_val_00012394.png,156,156,285,True,285,True,179,True,285,True,285,True,285,True,285,True,285,True,285,True,285,True
ILSVRC2012_val_00022521.png,157,157,179,True,179,True,179,True,179,True,211,True,179,True,179,True,163,True,216,True,216,True
ILSVRC2012_val_00028429.png,158,158,550,True,710,True,550,True,550,True,550,True,550,True,550,True,550,True,710,True,550,True
ILSVRC2012_val_00020963.png,159,159,250,True,250,True,250,True,250,True,250,True,250,True,250,True,250,True,250,True,250,True
ILSVRC2012_val_00017792.png,160,160,761,True,761,True,761,True,761,True,761,True,761,True,761,True,898,True,761,True,761,True
ILSVRC2012_val_00029056.png,161,161,50,True,320,True,50,True,50,True,51,True,364,True,364,True,25,True,364,True,24,True
ILSVRC2012_val_00025539.png,162,162,152,True,152,True,152,True,152,True,152,True,152,True,152,True,163,True,163,True,163,True
ILSVRC2012_val_00031220.png,163,163,729,True,729,True,729,True,729,True,729,True,729,True,729,True,729,True,729,True,794,True
ILSVRC2012_val_00044554.png,164,164,432,True,432,True,432,True,432,True,432,True,432,True,432,True,720,True,521,True,432,True
ILSVRC2012_val_00013962.png,165,165,905,True,905,True,905,True,97,True,24,True,147,True,905,True,880,True,905,True,880,True
ILSVRC2012_val_00045878.png,166,166,218,True,218,True,218,True,218,True,218,True,218,True,218,True,218,True,218,True,218,True
ILSVRC2012_val_00042394.png,167,167,163,True,163,True,163,True,163,True,163,True,163,True,163,True,163,True,163,True,163,True
ILSVRC2012_val_00018649.png,168,168,905,True,83,True,85,True,751,True,85,True,85,True,905,True,25,True,985,True,83,True
ILSVRC2012_val_00011176.png,169,169,170,True,170,True,170,True,213,True,170,True,220,True,170,True,177,True,170,True,208,True
ILSVRC2012_val_00040878.png,170,170,771,True,598,True,771,True,771,True,771,True,644,True,771,True,771,True,771,True,612,True
ILSVRC2012_val_00011311.png,171,171,922,True,922,True,922,True,918,True,918,True,644,True,922,True,922,True,8,True,644,True
ILSVRC2012_val_00012416.png,172,172,729,True,729,True,729,True,729,True,729,True,729,True,729,True,729,True,729,True,729,True
ILSVRC2012_val_00012644.png,173,173,922,True,922,True,796,True,457,True,314,True,314,True,922,True,922,True,314,True,922,True
ILSVRC2012_val_00004434.png,174,174,592,True,592,True,592,True,592,True,592,True,592,True,592,True,592,True,592,True,592,True
ILSVRC2012_val_00010665.png,175,175,771,True,722,True,751,True,362,True,771,True,283,True,771,True,283,True,701,True,280,True
ILSVRC2012_val_00002059.png,176,176,182,True,182,True,266,True,267,True,267,True,182,True,182,True,266,True,266,True,266,True
ILSVRC2012_val_00041908.png,177,177,905,True,905,True,905,True,905,True,905,True,905,True,905,True,905,True,905,True,905,True
ILSVRC2012_val_00031364.png,178,178,270,True,270,True,270,True,270,True,270,True,273,True,270,True,273,True,270,True,273,True
ILSVRC2012_val_00021668.png,179,179,170,True,170,True,170,True,170,True,170,True,170,True,170,True,170,True,170,True,170,True
ILSVRC2012_val_00000248.png,180,180,179,True,179,True,179,True,179,True,179,True,179,True,179,True,179,True,179,True,179,True
ILSVRC2012_val_00004947.png,181,181,179,True,179,True,179,True,177,True,179,True,179,True,179,True,179,True,179,True,179,True
ILSVRC2012_val_00004342.png,182,182,905,True,905,True,905,True,905,True,905,True,905,True,905,True,670,True,670,True,905,True
ILSVRC2012_val_00025302.png,183,183,563,True,345,True,247,True,563,True,387,True,44,True,44,True,345,True,247,True,247,True
ILSVRC2012_val_00001929.png,184,184,179,True,179,True,179,True,179,True,179,True,179,True,179,True,179,True,179,True,179,True
ILSVRC2012_val_00040915.png,185,185,190,True,190,True,190,True,190,True,190,True,190,True,190,True,190,True,190,True,190,True
ILSVRC2012_val_00014810.png,186,186,229,True,229,True,229,True,229,True,229,True,229,True,229,True,229,True,229,True,229,True
ILSVRC2012_val_00038457.png,187,187,204,True,204,True,204,True,204,True,204,True,204,True,204,True,204,True,204,True,204,True
ILSVRC2012_val_00044200.png,188,188,110,True,110,True,974,True,974,True,110,True,974,True,110,True,974,True,974,True,974,True
ILSVRC2012_val_00030776.png,189,189,204,True,204,True,204,True,204,True,204,True,204,True,204,True,204,True,204,True,204,True
ILSVRC2012_val_00004968.png,190,190,280,True,280,True,280,True,250,True,280,True,280,True,280,True,230,True,250,True,230,True
ILSVRC2012_val_00031845.png,191,191,670,True,937,True,52,True,798,True,647,True,110,True,798,True,798,True,798,True,670,True
ILSVRC2012_val_00042855.png,192,192,670,True,670,True,670,True,670,True,670,True,670,True,670,True,670,True,670,True,670,True
ILSVRC2012_val_00037723.png,193,193,204,True,204,True,204,True,186,True,204,True,204,True,204,True,186,True,187,True,204,True
ILSVRC2012_val_00032563.png,194,194,851,True,851,True,297,True,851,True,851,True,288,True,288,True,851,True,851,True,851,True
ILSVRC2012_val_00026267.png,195,195,154,True,154,True,154,True,154,True,154,True,154,True,154,True,154,True,154,True,154,True
ILSVRC2012_val_00004941.png,196,196,160,True,160,True,160,True,160,True,160,True,160,True,160,True,160,True,160,True,160,True
ILSVRC2012_val_00034118.png,197,197,175,True,175,True,175,True,175,True,175,True,175,True,175,True,175,True,175,True,175,True
ILSVRC2012_val_00032524.png,198,198,364,True,364,True,364,True,364,True,364,True,364,True,364,True,364,True,364,True,364,True
ILSVRC2012_val_00015592.png,199,199,332,True,332,True,332,True,332,True,332,True,333,True,332,True,331,True,332,True,332,True
ILSVRC2012_val_00003232.png,200,200,905,True,905,True,905,True,905,True,795,True,976,True,704,True,604,True,976,True,914,True
ILSVRC2012_val_00002630.png,201,201,251,True,251,True,251,True,251,True,251,True,249,True,251,True,251,True,250,True,251,True
ILSVRC2012_val_00033775.png,202,202,230,True,230,True,230,True,230,True,230,True,230,True,230,True,230,True,230,True,230,True
ILSVRC2012_val_00003198.png,203,203,331,True,331,True,331,True,869,True,332,True,332,True,105,True,612,True,174,True,189,True
ILSVRC2012_val_00027017.png,204,204,154,True,154,True,154,True,154,True,154,True,154,True,154,True,154,True,154,True,154,True
ILSVRC2012_val_00033763.png,205,205,154,True,154,True,154,True,154,True,154,True,154,True,154,True,154,True,154,True,154,True
ILSVRC2012_val_00013712.png,206,206,234,True,234,True,234,True,234,True,234,True,234,True,234,True,234,True,234,True,234,True
ILSVRC2012_val_00038920.png,207,207,373,True,373,True,373,True,44,True,373,True,373,True,373,True,366,True,161,True,44,True
ILSVRC2012_val_00034584.png,208,208,644,True,644,True,644,True,644,True,644,True,644,True,491,True,644,True,181,True,677,True
ILSVRC2012_val_00008346.png,209,209,179,True,179,True,179,True,179,True,179,True,179,True,179,True,179,True,179,True,179,True
ILSVRC2012_val_00040639.png,210,210,786,True,786,True,786,True,786,True,786,True,786,True,786,True,786,True,786,True,786,True
ILSVRC2012_val_00038044.png,211,211,177,True,177,True,177,True,177,True,177,True,177,True,177,True,177,True,177,True,177,True
ILSVRC2012_val_00017439.png,212,212,328,True,113,True,328,True,110,True,110,True,110,True,515,True,113,True,297,True,269,True
ILSVRC2012_val_00031785.png,213,213,211,True,211,True,211,True,211,True,211,True,211,True,211,True,211,True,211,True,211,True
ILSVRC2012_val_00009476.png,214,214,176,True,176,True,176,True,187,True,187,True,203,True,176,True,176,True,176,True,176,True
ILSVRC2012_val_00014745.png,215,215,182,True,182,True,182,True,182,True,182,True,182,True,182,True,182,True,182,True,267,True
ILSVRC2012_val_00013927.png,216,216,997,True,113,True,997,True,38,True,994,True,52,True,767,True,342,True,342,True,217,True
ILSVRC2012_val_00025471.png,217,217,182,True,182,True,182,True,182,True,182,True,182,True,182,True,182,True,717,True,184,True
ILSVRC2012_val_00014125.png,218,218,250,True,250,True,270,True,250,True,250,True,250,True,250,True,232,True,232,True,232,True
ILSVRC2012_val_00002353.png,219,219,216,True,216,True,216,True,216,True,216,True,216,True,216,True,216,True,216,True,216,True
ILSVRC2012_val_00041928.png,220,220,182,True,182,True,182,True,182,True,182,True,182,True,182,True,182,True,182,True,182,True
ILSVRC2012_val_00025181.png,221,221,70,True,795,True,701,True,110,True,117,True,435,True,70,True,70,True,70,True,70,True
ILSVRC2012_val_00047110.png,222,222,905,True,905,True,948,True,449,True,905,True,905,True,905,True,198,True,449,True,449,True
ILSVRC2012_val_00025006.png,223,223,213,True,213,True,213,True,213,True,213,True,213,True,213,True,213,True,213,True,213,True
ILSVRC2012_val_00013489.png,224,224,247,True,612,True,247,True,247,True,831,True,247,True,794,True,247,True,160,True,604,True
ILSVRC2012_val_00010928.png,225,225,288,True,288,True,288,True,288,True,288,True,288,True,288,True,288,True,288,True,288,True
ILSVRC2012_val_00011323.png,226,226,905,True,905,True,905,True,113,True,113,True,905,True,113,True,7,True,670,True,905,True
ILSVRC2012_val_00027053.png,227,227,191,True,191,True,191,True,191,True,191,True,191,True,191,True,191,True,191,True,191,True
ILSVRC2012_val_00043878.png,228,228,37,True,905,True,40,True,905,True,52,True,37,True,37,True,670,True,771,True,52,True
ILSVRC2012_val_00029214.png,229,229,722,True,722,True,751,True,869,True,444,True,722,True,592,True,851,True,722,True,729,True
ILSVRC2012_val_00030831.png,230,230,204,True,204,True,204,True,204,True,204,True,204,True,204,True,204,True,204,True,204,True
ILSVRC2012_val_00017879.png,231,231,282,True,286,True,282,True,282,True,282,True,282,True,282,True,282,True,286,True,282,True
ILSVRC2012_val_00027165.png,232,232,288,True,288,True,281,True,288,True,288,True,288,True,281,True,281,True,288,True,288,True
ILSVRC2012_val_00034069.png,233,233,170,True,170,True,170,True,170,True,170,True,162,True,170,True,170,True,170,True,170,True
ILSVRC2012_val_00016409.png,234,234,550,True,497,True,550,True,749,True,471,True,722,True,749,True,722,True,453,True,585,True
ILSVRC2012_val_00034429.png,235,235,172,True,172,True,172,True,179,True,172,True,177,True,172,True,166,True,177,True,237,True
ILSVRC2012_val_00024896.png,236,236,250,True,250,True,250,True,250,True,250,True,250,True,250,True,250,True,251,True,250,True
ILSVRC2012_val_00017646.png,237,237,152,True,152,True,159,True,286,True,286,True,354,True,286,True,172,True,172,True,105,True
ILSVRC2012_val_00035233.png,238,238,670,True,670,True,855,True,460,True,670,True,854,True,725,True,457,True,460,True,854,True
ILSVRC2012_val_00021196.png,239,239,213,True,213,True,213,True,213,True,213,True,213,True,213,True,213,True,213,True,213,True
ILSVRC2012_val_00005175.png,240,240,156,True,156,True,156,True,156,True,156,True,156,True,156,True,156,True,156,True,156,True
ILSVRC2012_val_00045080.png,241,241,247,True,243,True,247,True,243,True,247,True,243,True,243,True,248,True,247,True,247,True
ILSVRC2012_val_00032522.png,242,242,905,True,905,True,905,True,905,True,905,True,905,True,905,True,905,True,905,True,905,True
ILSVRC2012_val_00013856.png,243,243,852,True,852,True,637,True,592,True,460,True,609,True,844,True,844,True,844,True,844,True
ILSVRC2012_val_00017075.png,244,244,126,True,317,True,397,True,64,True,126,True,612,True,817,True,982,True,884,True,453,True
ILSVRC2012_val_00043131.png,245,245,238,True,238,True,238,True,238,True,238,True,238,True,238,True,235,True,235,True,235,True
ILSVRC2012_val_00026918.png,246,246,237,True,237,True,237,True,237,True,215,True,215,True,237,True,237,True,237,True,237,True
ILSVRC2012_val_00043452.png,247,247,204,True,204,True,204,True,204,True,204,True,204,True,204,True,204,True,213,True,218,True
ILSVRC2012_val_00002609.png,248,248,25,True,25,True,25,True,398,True,391,True,25,True,25,True,349,True,25,True,989,True
ILSVRC2012_val_00009157.png,249,249,415,True,415,True,729,True,453,True,794,True,794,True,412,True,1000,True,701,True,390,True
ILSVRC2012_val_00009416.png,250,250,52,True,40,True,52,True,364,True,345,True,172,True,49,True,345,True,345,True,435,True
ILSVRC2012_val_00044104.png,251,251,786,True,786,True,786,True,786,True,786,True,786,True,786,True,786,True,786,True,786,True
ILSVRC2012_val_00022581.png,252,252,546,True,546,True,557,True,482,True,675,True,573,True,546,True,817,True,918,True,847,True
ILSVRC2012_val_00027947.png,253,253,356,True,356,True,356,True,356,True,356,True,356,True,356,True,356,True,356,True,203,True
ILSVRC2012_val_00043319.png,254,254,240,True,240,True,240,True,240,True,240,True,240,True,240,True,241,True,240,True,241,True
ILSVRC2012_val_00039291.png,255,255,641,True,836,True,641,True,641,True,641,True,641,True,836,True,641,True,641,True,641,True
ILSVRC2012_val_00013159.png,256,256,190,True,190,True,190,True,192,True,190,True,192,True,190,True,190,True,190,True,192,True
ILSVRC2012_val_00023569.png,257,257,365,True,365,True,365,True,365,True,365,True,365,True,365,True,365,True,365,True,365,True
ILSVRC2012_val_00036918.png,258,258,905,True,319,True,905,True,319,True,319,True,319,True,816,True,592,True,905,True,80,True
ILSVRC2012_val_00042625.png,259,259,280,True,280,True,280,True,280,True,280,True,280,True,280,True,280,True,280,True,280,True
ILSVRC2012_val_00021540.png,260,260,282,True,282,True,905,True,283,True,283,True,283,True,905,True,282,True,283,True,282,True
ILSVRC2012_val_00045687.png,261,261,158,True,158,True,158,True,158,True,158,True,158,True,158,True,158,True,158,True,158,True
ILSVRC2012_val_00016303.png,262,262,204,True,204,True,199,True,204,True,204,True,204,True,197,True,204,True,197,True,220,True
ILSVRC2012_val_00044473.png,263,263,292,True,292,True,292,True,292,True,292,True,292,True,292,True,292,True,292,True,292,True
ILSVRC2012_val_00023546.png,264,264,701,True,701,True,432,True,453,True,453,True,701,True,701,True,851,True,851,True,246,True
ILSVRC2012_val_00001686.png,265,265,218,True,218,True,218,True,218,True,218,True,218,True,218,True,218,True,218,True,218,True
ILSVRC2012_val_00012039.png,266,266,205,True,205,True,205,True,205,True,205,True,205,True,205,True,205,True,205,True,205,True
ILSVRC2012_val_00030403.png,267,267,280,True,280,True,280,True,259,True,259,True,259,True,259,True,259,True,259,True,259,True
ILSVRC2012_val_00016697.png,268,268,154,True,154,True,154,True,154,True,154,True,154,True,154,True,154,True,154,True,154,True
ILSVRC2012_val_00026509.png,269,269,204,True,204,True,204,True,204,True,204,True,193,True,204,True,204,True,204,True,204,True
ILSVRC2012_val_00011188.png,270,270,287,True,287,True,287,True,287,True,287,True,288,True,287,True,274,True,280,True,287,True
ILSVRC2012_val_00013358.png,271,271,852,True,852,True,852,True,852,True,852,True,665,True,308,True,308,True,308,True,308,True
ILSVRC2012_val_00037617.png,272,272,519,True,519,True,749,True,660,True,36,True,37,True,726,True,884,True,966,True,37,True
ILSVRC2012_val_00028916.png,273,273,886,True,886,True,886,True,110,True,886,True,886,True,886,True,70,True,886,True,886,True
ILSVRC2012_val_00030693.png,274,274,612,True,612,True,612,True,612,True,612,True,612,True,612,True,612,True,612,True,612,True
ILSVRC2012_val_00001148.png,275,275,220,True,863,True,592,True,220,True,515,True,825,True,754,True,742,True,220,True,754,True
ILSVRC2012_val_00022432.png,276,276,214,True,214,True,214,True,214,True,214,True,214,True,214,True,214,True,214,True,214,True
ILSVRC2012_val_00021035.png,277,277,356,True,356,True,356,True,356,True,356,True,356,True,356,True,356,True,356,True,356,True
ILSVRC2012_val_00014798.png,278,278,905,True,905,True,905,True,905,True,905,True,905,True,905,True,905,True,905,True,905,True
ILSVRC2012_val_00033561.png,279,279,171,True,171,True,171,True,295,True,171,True,171,True,171,True,171,True,278,True,278,True
ILSVRC2012_val_00034065.png,280,280,905,True,905,True,905,True,49,True,905,True,905,True,905,True,905,True,283,True,905,True
ILSVRC2012_val_00026842.png,281,281,232,True,232,True,232,True,232,True,232,True,231,True,232,True,231,True,477,True,170,True
ILSVRC2012_val_00045239.png,282,282,297,True,297,True,297,True,297,True,297,True,297,True,297,True,297,True,297,True,297,True
ILSVRC2012_val_00000796.png,283,283,286,True,286,True,286,True,286,True,286,True,286,True,286,True,286,True,286,True,286,True
ILSVRC2012_val_00015898.png,284,284,905,True,905,True,905,True,905,True,905,True,905,True,816,True,795,True,581,True,905,True
ILSVRC2012_val_00039931.png,285,285,665,True,665,True,665,True,621,True,665,True,621,True,665,True,783,True,714,True,783,True
ILSVRC2012_val_00005207.png,286,286,905,True,905,True,905,True,905,True,905,True,905,True,905,True,557,True,557,True,905,True
ILSVRC2012_val_00021045.png,287,287,729,True,729,True,729,True,729,True,729,True,729,True,729,True,729,True,729,True,729,True
ILSVRC2012_val_00049483.png,288,288,557,True,855,True,557,True,670,True,407,True,557,True,557,True,742,True,855,True,751,True
ILSVRC2012_val_00030737.png,289,289,592,True,869,True,592,True,592,True,592,True,592,True,592,True,886,True,600,True,742,True
ILSVRC2012_val_00026982.png,290,290,905,True,905,True,905,True,905,True,905,True,905,True,905,True,905,True,905,True,290,False
ILSVRC2012_val_00049347.png,291,291,289,True,289,True,289,True,294,True,289,True,289,True,289,True,289,True,294,True,289,True
ILSVRC2012_val_00001359.png,292,292,284,True,284,True,284,True,284,True,284,True,284,True,284,True,284,True,284,True,284,True
ILSVRC2012_val_00023810.png,293,293,905,True,432,True,592,True,905,True,364,True,905,True,905,True,905,True,905,True,905,True
ILSVRC2012_val_00029216.png,294,294,742,True,722,True,722,True,742,True,742,True,742,True,742,True,722,True,722,True,742,True
ILSVRC2012_val_00015955.png,295,295,284,True,284,True,284,True,262,True,284,True,284,True,284,True,284,True,284,True,284,True
ILSVRC2012_val_00048118.png,296,296,205,True,617,True,205,True,750,True,203,True,201,True,193,True,177,True,750,True,750,True
ILSVRC2012_val_00019930.png,297,297,905,True,905,True,905,True,905,True,905,True,905,True,905,True,905,True,905,True,905,True
ILSVRC2012_val_00032283.png,298,298,88,True,88,True,88,True,88,True,88,True,88,True,88,True,88,True,88,True,88,True
ILSVRC2012_val_00018630.png,299,299,905,True,905,True,905,True,905,True,905,True,905,True,25,True,905,True,905,True,905,True
ILSVRC2012_val_00047118.png,300,300,795,True,795,True,795,True,795,True,284,True,795,True,795,True,612,True,795,True,905,True
ILSVRC2012_val_00021653.png,301,301,289,True,290,True,289,True,289,True,289,True,294,True,289,True,289,True,83,True,289,True
ILSVRC2012_val_00031140.png,302,302,685,True,685,True,685,True,685,True,685,True,685,True,843,True,685,True,685,True,685,True
ILSVRC2012_val_00009626.png,303,303,315,True,315,True,315,True,315,True,315,True,315,True,315,True,315,True,315,True,315,True
ILSVRC2012_val_00045848.png,304,304,905,True,905,True,905,True,905,True,905,True,78,True,905,True,78,True,78,True,78,True
ILSVRC2012_val_00036613.png,305,305,729,True,729,True,729,True,729,True,729,True,729,True,729,True,729,True,729,True,729,True
ILSVRC2012_val_00013351.png,306,306,905,True,905,True,290,True,905,True,905,True,816,True,816,True,905,True,972,True,905,True
ILSVRC2012_val_00004339.png,307,307,888,True,888,True,592,True,888,True,888,True,592,True,888,True,888,True,888,True,311,True
ILSVRC2012_val_00028453.png,308,308,319,True,550,True,319,True,319,True,319,True,750,True,435,True,550,True,722,True,722,True
ILSVRC2012_val_00040397.png,309,309,905,True,905,True,905,True,905,True,905,True,905,True,905,True,312,True,905,True,905,True
ILSVRC2012_val_00020657.png,310,310,592,True,611,True,611,True,592,True,592,True,435,True,592,True,869,True,592,True,592,True
ILSVRC2012_val_00003814.png,311,311,557,True,557,True,557,True,557,True,557,True,557,True,557,True,557,True,557,True,74,True
ILSVRC2012_val_00022737.png,312,312,866,True,477,True,104,True,477,True,972,True,52,True,860,True,477,True,477,True,897,True
ILSVRC2012_val_00018535.png,313,313,599,True,918,True,852,True,110,True,110,True,52,True,599,True,866,True,477,True,442,True
ILSVRC2012_val_00016740.png,314,314,798,True,798,True,798,True,798,True,798,True,798,True,798,True,569,True,798,True,798,True
ILSVRC2012_val_00021755.png,315,315,851,True,617,True,851,True,851,True,569,True,851,True,851,True,569,True,569,True,937,True
ILSVRC2012_val_00017115.png,316,316,869,True,869,True,869,True,592,True,557,True,59,True,869,True,905,True,592,True,869,True
ILSVRC2012_val_00044407.png,317,317,670,True,751,True,670,True,563,True,855,True,581,True,795,True,563,True,477,True,670,True
ILSVRC2012_val_00029444.png,318,318,729,True,729,True,729,True,729,True,729,True,729,True,729,True,729,True,729,True,729,True
ILSVRC2012_val_00047939.png,319,319,905,True,905,True,905,True,905,True,905,True,905,True,905,True,905,True,905,True,526,True
ILSVRC2012_val_00046425.png,320,320,905,True,905,True,795,True,905,True,905,True,905,True,905,True,905,True,905,True,816,True
ILSVRC2012_val_00042764.png,321,321,972,True,972,True,795,True,972,True,110,True,515,True,108,True,795,True,972,True,670,True
ILSVRC2012_val_00008693.png,322,322,742,True,886,True,751,True,110,True,742,True,843,True,742,True,515,True,466,True,322,False
ILSVRC2012_val_00030779.png,323,323,751,True,751,True,751,True,592,True,592,True,592,True,751,True,751,True,323,False,323,False
ILSVRC2012_val_00011374.png,324,324,776,True,776,True,776,True,742,True,742,True,795,True,742,True,886,True,795,True,795,True
ILSVRC2012_val_00039335.png,325,325,918,True,918,True,852,True,972,True,724,True,724,True,972,True,751,True,418,True,418,True
ILSVRC2012_val_00034368.png,326,326,103,True,103,True,103,True,103,True,103,True,103,True,103,True,103,True,103,True,103,True
ILSVRC2012_val_00043218.png,327,327,274,True,287,True,377,True,274,True,292,True,297,True,377,True,377,True,326,True,325,True
ILSVRC2012_val_00001161.png,328,328,864,True,864,True,864,True,644,True,644,True,38,True,644,True,644,True,37,True,864,True
ILSVRC2012_val_00028454.png,329,329,855,True,922,True,646,True,855,True,855,True,407,True,858,True,407,True,858,True,407,True
ILSVRC2012_val_00036810.png,330,330,46,True,46,True,46,True,46,True,46,True,46,True,46,True,46,True,46,True,46,True
ILSVRC2012_val_00033548.png,331,331,905,True,905,True,592,True,905,True,905,True,905,True,816,True,685,True,462,True,685,True
ILSVRC2012_val_00023041.png,332,332,52,True,52,True,899,True,110,True,771,True,52,True,462,True,771,True,771,True,52,True
ILSVRC2012_val_00032730.png,333,333,161,True,161,True,161,True,161,True,161,True,161,True,161,True,161,True,161,True,161,True
ILSVRC2012_val_00013528.png,334,334,795,True,544,True,795,True,795,True,698,True,795,True,795,True,795,True,795,True,720,True
ILSVRC2012_val_00044646.png,335,335,905,True,905,True,905,True,905,True,905,True,905,True,905,True,905,True,905,True,905,True
ILSVRC2012_val_00038993.png,336,336,751,True,751,True,798,True,52,True,110,True,432,True,798,True,877,True,432,True,286,True
ILSVRC2012_val_00018582.png,337,337,118,True,751,True,118,True,110,True,110,True,110,True,118,True,118,True,118,True,109,True
ILSVRC2012_val_00003202.png,338,338,286,True,282,True,286,True,364,True,286,True,110,True,286,True,110,True,70,True,299,True
ILSVRC2012_val_00003675.png,339,339,550,True,435,True,869,True,894,True,612,True,715,True,710,True,869,True,420,True,6,True
ILSVRC2012_val_00017532.png,340,340,563,True,615,True,820,True,563,True,563,True,563,True,643,True,748,True,748,True,863,True
ILSVRC2012_val_00018423.png,341,341,751,True,751,True,751,True,341,False,341,False,341,False,751,True,751,True,751,True,341,False
ILSVRC2012_val_00026390.png,342,342,455,True,455,True,455,True,646,True,455,True,612,True,455,True,412,True,455,True,455,True
ILSVRC2012_val_00025142.png,343,343,905,True,905,True,905,True,905,True,905,True,905,True,905,True,905,True,905,True,905,True
ILSVRC2012_val_00025638.png,344,344,974,True,357,True,973,True,121,True,974,True,974,True,311,True,121,True,974,True,115,True
ILSVRC2012_val_00036081.png,345,345,550,True,550,True,550,True,749,True,612,True,587,True,550,True,510,True,848,True,848,True
ILSVRC2012_val_00004838.png,346,346,905,True,125,True,40,True,341,True,42,True,52,True,905,True,364,True,40,True,52,True
ILSVRC2012_val_00037946.png,347,347,204,True,204,True,204,True,204,True,204,True,204,True,204,True,204,True,204,True,204,True
ILSVRC2012_val_00032942.png,348,348,387,True,387,True,387,True,387,True,387,True,387,True,387,True,387,True,386,True,387,True
ILSVRC2012_val_00038653.png,349,349,905,True,48,True,905,True,922,True,905,True,905,True,905,True,540,True,751,True,473,True
ILSVRC2012_val_00039697.png,350,350,279,True,279,True,279,True,279,True,279,True,279,True,279,True,279,True,279,True,279,True
ILSVRC2012_val_00001885.png,351,351,460,True,888,True,460,True,397,True,110,True,77,True,460,True,397,True,563,True,726,True
ILSVRC2012_val_00017389.png,352,352,912,True,127,True,912,True,825,True,962,True,736,True,912,True,550,True,7,True,313,True
ILSVRC2012_val_00032385.png,353,353,742,True,61,True,6,True,592,True,110,True,48,True,912,True,120,True,736,True,117,True
ILSVRC2012_val_00046413.png,354,354,612,True,550,True,612,True,869,True,612,True,637,True,550,True,894,True,612,True,647,True
ILSVRC2012_val_00015861.png,355,355,905,True,905,True,905,True,905,True,905,True,905,True,905,True,905,True,905,True,383,True
ILSVRC2012_val_00001050.png,356,356,905,True,795,True,905,True,113,True,797,True,905,True,905,True,609,True,573,True,905,True
ILSVRC2012_val_00048496.png,357,357,905,True,905,True,905,True,272,True,905,True,905,True,905,True,272,True,50,True,272,True
ILSVRC2012_val_00005621.png,358,358,670,True,825,True,670,True,559,True,844,True,816,True,880,True,425,True,559,True,670,True
ILSVRC2012_val_00010052.png,359,359,515,True,465,True,465,True,465,True,515,True,515,True,515,True,465,True,465,True,357,True
ILSVRC2012_val_00036771.png,360,360,905,True,905,True,905,True,59,True,905,True,59,True,905,True,905,True,69,True,364,True
ILSVRC2012_val_00016202.png,361,361,905,True,905,True,905,True,329,True,905,True,905,True,905,True,453,True,670,True,432,True
ILSVRC2012_val_00000446.png,362,362,816,True,816,True,816,True,816,True,816,True,816,True,816,True,353,True,81,True,81,True
ILSVRC2012_val_00012860.png,363,363,905,True,905,True,905,True,905,True,397,True,397,True,905,True,905,True,905,True,905,True
ILSVRC2012_val_00018994.png,364,364,997,True,976,True,905,True,997,True,329,True,117,True,362,True,86,True,980,True,600,True
ILSVRC2012_val_00035990.png,365,365,364,True,751,True,108,True,85,True,364,True,751,True,364,True,644,True,453,True,644,True
ILSVRC2012_val_00047956.png,366,366,692,True,453,True,692,True,692,True,285,True,286,True,674,True,286,True,420,True,802,True
ILSVRC2012_val_00028177.png,367,367,751,True,751,True,751,True,432,True,751,True,751,True,751,True,751,True,751,True,751,True
ILSVRC2012_val_00008889.png,368,368,557,True,557,True,557,True,119,True,905,True,490,True,557,True,612,True,675,True,675,True
ILSVRC2012_val_00004058.png,369,369,644,True,899,True,37,True,110,True,644,True,644,True,802,True,644,True,771,True,109,True
ILSVRC2012_val_00008179.png,370,370,462,True,462,True,515,True,644,True,644,True,754,True,462,True,754,True,644,True,644,True
ILSVRC2012_val_00046645.png,371,371,795,True,701,True,795,True,367,True,795,True,754,True,465,True,367,True,754,True,754,True
ILSVRC2012_val_00007845.png,372,372,277,True,277,True,277,True,277,True,277,True,277,True,277,True,277,True,277,True,277,True
ILSVRC2012_val_00032732.png,373,373,365,True,365,True,365,True,365,True,365,True,365,True,365,True,365,True,365,True,365,True
ILSVRC2012_val_00045230.png,374,374,905,True,397,True,905,True,364,True,905,True,905,True,905,True,341,True,397,True,397,True
ILSVRC2012_val_00044914.png,375,375,204,True,204,True,204,True,223,True,204,True,220,True,284,True,204,True,283,True,227,True
ILSVRC2012_val_00028585.png,376,376,905,True,804,True,905,True,25,True,742,True,971,True,658,True,742,True,973,True,658,True
ILSVRC2012_val_00018749.png,377,377,670,True,670,True,670,True,670,True,670,True,670,True,670,True,670,True,670,True,670,True
ILSVRC2012_val_00006014.png,378,378,223,True,223,True,223,True,223,True,223,True,223,True,223,True,223,True,223,True,223,True
ILSVRC2012_val_00047365.png,379,379,974,True,974,True,825,True,397,True,85,True,397,True,125,True,85,True,397,True,85,True
ILSVRC2012_val_00007297.png,380,380,612,True,490,True,84,True,389,True,349,True,83,True,997,True,363,True,389,True,362,True
ILSVRC2012_val_00033927.png,381,381,905,True,25,True,25,True,34,True,116,True,318,True,905,True,974,True,318,True,318,True
ILSVRC2012_val_00026217.png,382,382,234,True,234,True,234,True,234,True,234,True,234,True,234,True,234,True,234,True,234,True
ILSVRC2012_val_00047853.png,383,383,786,True,786,True,692,True,771,True,972,True,515,True,789,True,789,True,918,True,771,True
ILSVRC2012_val_00001054.png,384,384,606,True,606,True,606,True,488,True,488,True,606,True,606,True,606,True,606,True,606,True
ILSVRC2012_val_00046745.png,385,385,905,True,341,True,905,True,905,True,905,True,341,True,25,True,25,True,341,True,25,True
ILSVRC2012_val_00040258.png,386,386,557,True,557,True,905,True,905,True,557,True,557,True,905,True,557,True,557,True,557,True
ILSVRC2012_val_00038578.png,387,387,592,True,886,True,592,True,592,True,592,True,592,True,886,True,592,True,592,True,886,True
ILSVRC2012_val_00014686.png,388,388,286,True,530,True,286,True,286,True,286,True,286,True,284,True,751,True,282,True,286,True
ILSVRC2012_val_00048200.png,389,389,218,True,218,True,218,True,218,True,218,True,218,True,218,True,218,True,218,True,218,True
ILSVRC2012_val_00012982.png,390,390,798,True,642,True,670,True,798,True,798,True,832,True,798,True,798,True,798,True,392,True
ILSVRC2012_val_00032579.png,391,391,905,True,905,True,905,True,490,True,609,True,905,True,905,True,905,True,490,True,905,True
ILSVRC2012_val_00047174.png,392,392,866,True,852,True,510,True,866,True,647,True,455,True,625,True,510,True,835,True,794,True
ILSVRC2012_val_00008724.png,393,393,670,True,602,True,670,True,937,True,937,True,776,True,602,True,937,True,418,True,937,True
ILSVRC2012_val_00034042.png,394,394,918,True,918,True,751,True,751,True,644,True,751,True,918,True,864,True,855,True,918,True
ILSVRC2012_val_00031255.png,395,395,670,True,698,True,670,True,798,True,798,True,842,True,670,True,798,True,670,True,798,True
ILSVRC2012_val_00033541.png,396,396,569,True,569,True,488,True,435,True,922,True,825,True,569,True,709,True,488,True,709,True
ILSVRC2012_val_00009165.png,397,397,751,True,751,True,751,True,751,True,751,True,751,True,751,True,751,True,751,True,397,False
ILSVRC2012_val_00019403.png,398,398,751,True,460,True,751,True,72,True,798,True,880,True,751,True,702,True,124,True,702,True
ILSVRC2012_val_00002148.png,399,399,905,True,905,True,905,True,905,True,905,True,905,True,905,True,432,True,905,True,905,True
ILSVRC2012_val_00005187.png,400,400,609,True,609,True,609,True,609,True,609,True,609,True,609,True,609,True,609,True,609,True
ILSVRC2012_val_00021881.png,401,401,665,True,665,True,972,True,563,True,563,True,982,True,665,True,646,True,646,True,972,True
ILSVRC2012_val_00013625.png,402,402,972,True,972,True,972,True,972,True,972,True,972,True,972,True,972,True,972,True,972,True
ILSVRC2012_val_00041930.png,403,403,775,True,775,True,775,True,775,True,775,True,775,True,775,True,775,True,775,True,775,True
ILSVRC2012_val_00033900.png,404,404,906,True,906,True,906,True,407,True,407,True,795,True,906,True,795,True,407,True,407,True
ILSVRC2012_val_00046971.png,405,405,751,True,589,True,710,True,432,True,791,True,432,True,751,True,751,True,432,True,751,True
ILSVRC2012_val_00010147.png,406,406,550,True,550,True,550,True,592,True,550,True,550,True,550,True,435,True,550,True,412,True
ILSVRC2012_val_00044658.png,407,407,699,True,699,True,699,True,699,True,699,True,699,True,699,True,699,True,699,True,699,True
ILSVRC2012_val_00024296.png,408,408,676,True,676,True,676,True,676,True,676,True,676,True,676,True,676,True,676,True,676,True
ILSVRC2012_val_00008360.png,409,409,493,True,493,True,465,True,493,True,493,True,493,True,493,True,493,True,587,True,493,True
ILSVRC2012_val_00015108.png,410,410,799,True,799,True,799,True,799,True,799,True,799,True,799,True,799,True,799,True,636,True
ILSVRC2012_val_00002391.png,411,411,905,True,884,True,905,True,905,True,905,True,905,True,905,True,905,True,620,True,905,True
ILSVRC2012_val_00042510.png,412,412,905,True,905,True,905,True,905,True,905,True,905,True,905,True,905,True,569,True,825,True
ILSVRC2012_val_00010877.png,413,413,751,True,751,True,751,True,751,True,751,True,751,True,751,True,751,True,751,True,479,True
ILSVRC2012_val_00014056.png,414,414,905,True,905,True,905,True,905,True,905,True,905,True,905,True,905,True,670,True,905,True
ILSVRC2012_val_00042327.png,415,415,729,True,729,True,729,True,729,True,729,True,729,True,729,True,729,True,729,True,729,True
ILSVRC2012_val_00021256.png,416,416,455,True,455,True,455,True,455,True,455,True,455,True,455,True,455,True,455,True,455,True
ILSVRC2012_val_00039129.png,417,417,751,True,751,True,751,True,751,True,751,True,751,True,751,True,530,True,751,True,751,True
ILSVRC2012_val_00040361.png,418,418,539,True,539,True,539,True,539,True,539,True,539,True,539,True,539,True,539,True,539,True
ILSVRC2012_val_00010497.png,419,419,795,True,800,True,526,True,795,True,795,True,554,True,1000,True,744,True,795,True,795,True
ILSVRC2012_val_00006039.png,420,420,894,True,762,True,760,True,894,True,860,True,905,True,894,True,705,True,899,True,439,True
ILSVRC2012_val_00013131.png,421,421,972,True,972,True,795,True,972,True,972,True,335,True,692,True,972,True,794,True,692,True
ILSVRC2012_val_00023325.png,422,422,916,True,916,True,916,True,916,True,916,True,916,True,916,True,916,True,916,True,916,True
ILSVRC2012_val_00037608.png,423,423,722,True,550,True,722,True,722,True,722,True,550,True,550,True,550,True,722,True,722,True
ILSVRC2012_val_00043116.png,424,424,266,True,152,True,266,True,2,True,266,True,266,True,253,True,253,True,253,True,795,True
ILSVRC2012_val_00000076.png,425,425,455,True,455,True,455,True,455,True,455,True,455,True,455,True,455,True,455,True,455,True
ILSVRC2012_val_00019730.png,426,426,550,True,550,True,550,True,435,True,592,True,550,True,550,True,550,True,592,True,550,True
ILSVRC2012_val_00003043.png,427,427,751,True,751,True,888,True,530,True,530,True,751,True,530,True,547,True,530,True,547,True
ILSVRC2012_val_00000787.png,428,428,905,True,905,True,905,True,905,True,905,True,905,True,905,True,905,True,515,True,905,True
ILSVRC2012_val_00048739.png,429,429,52,True,477,True,855,True,52,True,52,True,52,True,52,True,52,True,707,True,563,True
ILSVRC2012_val_00026506.png,430,430,415,True,609,True,415,True,415,True,637,True,430,False,798,True,430,False,430,False,430,False
ILSVRC2012_val_00034473.png,431,431,851,True,851,True,457,True,603,True,603,True,603,True,866,True,497,True,603,True,603,True
ILSVRC2012_val_00047642.png,432,432,110,True,110,True,110,True,110,True,110,True,110,True,108,True,972,True,972,True,972,True
ILSVRC2012_val_00029252.png,433,433,819,True,819,True,127,True,616,True,819,True,838,True,519,True,546,True,627,True,546,True
ILSVRC2012_val_00039810.png,434,434,918,True,700,True,918,True,700,True,918,True,918,True,918,True,918,True,700,True,700,True
ILSVRC2012_val_00027792.png,435,435,550,True,550,True,693,True,693,True,550,True,693,True,550,True,729,True,722,True,693,True
ILSVRC2012_val_00028638.png,436,436,592,True,592,True,592,True,592,True,592,True,592,True,592,True,592,True,592,True,592,True
ILSVRC2012_val_00037160.png,437,437,735,True,735,True,637,True,735,True,735,True,655,True,655,True,735,True,735,True,735,True
ILSVRC2012_val_00035911.png,438,438,550,True,550,True,550,True,592,True,592,True,592,True,550,True,550,True,412,True,592,True
ILSVRC2012_val_00034097.png,439,439,751,True,698,True,751,True,751,True,751,True,751,True,751,True,497,True,698,True,693,True
ILSVRC2012_val_00025841.png,440,440,565,True,565,True,670,True,751,True,557,True,858,True,565,True,407,True,565,True,565,True
ILSVRC2012_val_00035507.png,441,441,970,True,970,True,970,True,693,True,970,True,970,True,970,True,970,True,970,True,970,True
ILSVRC2012_val_00039742.png,442,442,786,True,786,True,786,True,476,True,786,True,786,True,786,True,786,True,786,True,786,True
ILSVRC2012_val_00037196.png,443,443,905,True,905,True,905,True,905,True,905,True,905,True,905,True,905,True,905,True,905,True
ILSVRC2012_val_00013154.png,444,444,550,True,550,True,550,True,550,True,550,True,550,True,592,True,550,True,550,True,550,True
ILSVRC2012_val_00026250.png,445,445,905,True,905,True,905,True,905,True,905,True,905,True,905,True,707,True,739,True,429,True
ILSVRC2012_val_00029050.png,446,446,602,True,855,True,602,True,798,True,852,True,855,True,602,True,798,True,502,True,855,True
ILSVRC2012_val_00034050.png,447,447,922,True,922,True,922,True,922,True,922,True,922,True,922,True,920,True,922,True,922,True
ILSVRC2012_val_00046109.png,448,448,578,True,578,True,578,True,578,True,578,True,578,True,578,True,578,True,788,True,578,True
ILSVRC2012_val_00004330.png,449,449,919,True,919,True,919,True,399,True,919,True,593,True,919,True,742,True,919,True,612,True
ILSVRC2012_val_00021432.png,450,450,905,True,289,True,905,True,905,True,905,True,905,True,905,True,905,True,905,True,905,True
ILSVRC2012_val_00045079.png,451,451,852,True,852,True,852,True,852,True,852,True,852,True,852,True,852,True,852,True,852,True
ILSVRC2012_val_00033619.png,452,452,533,True,709,True,533,True,533,True,533,True,533,True,533,True,709,True,847,True,709,True
ILSVRC2012_val_00005523.png,453,453,368,True,368,True,368,True,368,True,368,True,368,True,269,True,269,True,269,True,368,True
ILSVRC2012_val_00003502.png,454,454,751,True,742,True,722,True,742,True,722,True,592,True,751,True,751,True,751,True,609,True
ILSVRC2012_val_00046690.png,455,455,412,True,412,True,412,True,866,True,412,True,412,True,412,True,698,True,722,True,612,True
ILSVRC2012_val_00021639.png,456,456,592,True,435,True,611,True,435,True,592,True,592,True,592,True,933,True,729,True,693,True
ILSVRC2012_val_00006182.png,457,457,905,True,905,True,905,True,905,True,905,True,905,True,905,True,905,True,905,True,905,True
ILSVRC2012_val_00039746.png,458,458,634,True,634,True,476,True,802,True,634,True,679,True,634,True,713,True,634,True,634,True
ILSVRC2012_val_00019749.png,459,459,550,True,447,True,550,True,722,True,894,True,722,True,550,True,592,True,550,True,447,True
ILSVRC2012_val_00029303.png,460,460,550,True,412,True,466,True,612,True,751,True,722,True,592,True,736,True,466,True,412,True
ILSVRC2012_val_00002469.png,461,461,905,True,905,True,905,True,905,True,905,True,905,True,905,True,905,True,905,True,905,True
ILSVRC2012_val_00039079.png,462,462,816,True,816,True,816,True,897,True,605,True,670,True,897,True,862,True,897,True,897,True
ILSVRC2012_val_00041911.png,463,463,670,True,670,True,670,True,602,True,670,True,690,True,670,True,670,True,670,True,670,True
ILSVRC2012_val_00022064.png,464,464,557,True,670,True,557,True,557,True,557,True,905,True,557,True,412,True,557,True,557,True
ILSVRC2012_val_00009444.png,465,465,675,True,675,True,675,True,675,True,675,True,675,True,675,True,675,True,675,True,675,True
ILSVRC2012_val_00031560.png,466,466,825,True,912,True,592,True,869,True,922,True,569,True,569,True,997,True,997,True,569,True
ILSVRC2012_val_00033558.png,467,467,852,True,852,True,852,True,712,True,492,True,607,True,528,True,852,True,852,True,852,True
ILSVRC2012_val_00019799.png,468,468,670,True,670,True,670,True,670,True,670,True,670,True,670,True,670,True,670,True,670,True
ILSVRC2012_val_00024931.png,469,469,172,True,751,True,238,True,172,True,172,True,172,True,172,True,238,True,238,True,238,True
ILSVRC2012_val_00009140.png,470,470,722,True,722,True,8,True,10,True,202,True,722,True,193,True,202,True,213,True,894,True
ILSVRC2012_val_00008717.png,471,471,580,True,580,True,580,True,580,True,580,True,580,True,580,True,580,True,580,True,580,True
ILSVRC2012_val_00032815.png,472,472,905,True,905,True,905,True,341,True,905,True,905,True,905,True,592,True,592,True,905,True
ILSVRC2012_val_00024906.png,473,473,722,True,550,True,550,True,592,True,722,True,592,True,722,True,550,True,722,True,869,True
ILSVRC2012_val_00015663.png,474,474,798,True,798,True,673,True,771,True,729,True,531,True,798,True,798,True,679,True,673,True
ILSVRC2012_val_00001299.png,475,475,701,True,701,True,701,True,701,True,701,True,701,True,701,True,701,True,701,True,1000,True
ILSVRC2012_val_00012473.png,476,476,852,True,751,True,852,True,432,True,852,True,557,True,557,True,637,True,519,True,852,True
ILSVRC2012_val_00040917.png,477,477,550,True,550,True,550,True,693,True,550,True,693,True,550,True,550,True,550,True,550,True
ILSVRC2012_val_00030460.png,478,478,751,True,751,True,751,True,751,True,751,True,722,True,751,True,550,True,592,True,550,True
ILSVRC2012_val_00000019.png,479,479,905,True,905,True,905,True,905,True,905,True,422,True,905,True,533,True,905,True,580,True
ILSVRC2012_val_00004412.png,480,480,754,True,637,True,937,True,788,True,788,True,515,True,754,True,647,True,788,True,788,True
ILSVRC2012_val_00036406.png,481,481,790,True,790,True,790,True,790,True,790,True,790,True,790,True,790,True,790,True,790,True
ILSVRC2012_val_00042137.png,482,482,455,True,455,True,455,True,455,True,455,True,455,True,455,True,455,True,455,True,455,True
ILSVRC2012_val_00012468.png,483,483,749,True,749,True,517,True,838,True,775,True,432,True,749,True,432,True,771,True,775,True
ILSVRC2012_val_00003916.png,484,484,767,True,767,True,767,True,767,True,767,True,767,True,767,True,767,True,767,True,767,True
ILSVRC2012_val_00032462.png,485,485,905,True,905,True,905,True,840,True,905,True,490,True,905,True,840,True,905,True,840,True
ILSVRC2012_val_00020817.png,486,486,614,True,614,True,614,True,614,True,614,True,614,True,614,True,614,True,614,True,614,True
ILSVRC2012_val_00012115.png,487,487,852,True,852,True,852,True,852,True,852,True,795,True,852,True,795,True,795,True,670,True
ILSVRC2012_val_00033654.png,488,488,892,True,892,True,892,True,892,True,892,True,892,True,892,True,892,True,591,True,591,True
ILSVRC2012_val_00046589.png,489,489,933,True,933,True,933,True,933,True,933,True,933,True,933,True,933,True,933,True,933,True
ILSVRC2012_val_00041954.png,490,490,575,True,575,True,575,True,575,True,575,True,575,True,575,True,575,True,575,True,575,True
ILSVRC2012_val_00024629.png,491,491,722,True,550,True,722,True,894,True,722,True,894,True,722,True,550,True,550,True,412,True
ILSVRC2012_val_00007460.png,492,492,447,True,447,True,447,True,592,True,917,True,923,True,447,True,923,True,550,True,550,True
ILSVRC2012_val_00015177.png,493,493,905,True,905,True,490,True,905,True,905,True,905,True,905,True,905,True,905,True,905,True
ILSVRC2012_val_00007893.png,494,494,554,True,554,True,554,True,554,True,554,True,554,True,554,True,554,True,554,True,554,True
ILSVRC2012_val_00038376.png,495,495,866,True,866,True,866,True,866,True,866,True,866,True,866,True,866,True,866,True,866,True
ILSVRC2012_val_00028487.png,496,496,729,True,729,True,729,True,729,True,729,True,729,True,693,True,729,True,693,True,550,True
ILSVRC2012_val_00005832.png,497,497,435,True,435,True,471,True,479,True,479,True,479,True,794,True,463,True,471,True,479,True
ILSVRC2012_val_00034021.png,498,498,905,True,905,True,905,True,905,True,905,True,905,True,905,True,905,True,905,True,905,True
ILSVRC2012_val_00022945.png,499,499,782,True,782,True,782,True,782,True,782,True,782,True,782,True,782,True,782,True,499,False
ILSVRC2012_val_00038966.png,500,500,905,True,790,True,905,True,599,True,905,True,905,True,905,True,905,True,314,True,71,True
ILSVRC2012_val_00013091.png,501,501,905,True,905,True,905,True,905,True,905,True,905,True,905,True,905,True,905,True,905,True
ILSVRC2012_val_00038702.png,502,502,905,True,905,True,905,True,905,True,905,True,905,True,905,True,905,True,905,True,905,True
ILSVRC2012_val_00008871.png,503,503,619,True,619,True,814,True,961,True,814,True,619,True,619,True,619,True,814,True,648,True
ILSVRC2012_val_00028646.png,504,504,464,True,464,True,464,True,464,True,464,True,464,True,464,True,464,True,464,True,464,True
ILSVRC2012_val_00045860.png,505,505,550,True,550,True,550,True,412,True,550,True,412,True,550,True,550,True,550,True,550,True
ILSVRC2012_val_00020255.png,506,506,751,True,751,True,751,True,798,True,751,True,751,True,751,True,611,True,611,True,751,True
ILSVRC2012_val_00003496.png,507,507,410,True,836,True,410,True,410,True,410,True,836,True,836,True,507,False,507,False,507,False
ILSVRC2012_val_00046376.png,508,508,836,True,836,True,836,True,836,True,836,True,836,True,836,True,836,True,836,True,836,True
ILSVRC2012_val_00026428.png,509,509,905,True,384,True,905,True,25,True,66,True,795,True,905,True,816,True,816,True,751,True
ILSVRC2012_val_00034518.png,510,510,918,True,918,True,918,True,918,True,918,True,918,True,918,True,918,True,918,True,918,True
ILSVRC2012_val_00029800.png,511,511,80,True,80,True,592,True,80,True,80,True,894,True,592,True,722,True,592,True,894,True
ILSVRC2012_val_00036091.png,512,512,749,True,415,True,415,True,749,True,749,True,749,True,722,True,771,True,409,True,749,True
ILSVRC2012_val_00039009.png,513,513,592,True,453,True,6,True,592,True,592,True,6,True,592,True,434,True,513,False,513,False
ILSVRC2012_val_00004054.png,514,514,866,True,866,True,510,True,477,True,866,True,364,True,364,True,510,True,866,True,510,True
ILSVRC2012_val_00034753.png,515,515,852,True,852,True,852,True,692,True,852,True,852,True,852,True,852,True,922,True,852,True
ILSVRC2012_val_00005719.png,516,516,432,True,432,True,432,True,432,True,432,True,432,True,432,True,432,True,432,True,432,True
ILSVRC2012_val_00010259.png,517,517,905,True,905,True,905,True,905,True,905,True,905,True,905,True,905,True,905,True,905,True
ILSVRC2012_val_00016372.png,518,518,855,True,855,True,855,True,855,True,855,True,855,True,855,True,855,True,855,True,855,True
ILSVRC2012_val_00031743.png,519,519,798,True,798,True,798,True,798,True,798,True,798,True,798,True,798,True,798,True,798,True
ILSVRC2012_val_00016539.png,520,520,923,True,923,True,923,True,923,True,923,True,923,True,923,True,903,True,923,True,923,True
ILSVRC2012_val_00004602.png,521,521,905,True,905,True,905,True,905,True,905,True,647,True,905,True,905,True,905,True,670,True
ILSVRC2012_val_00021118.png,522,522,578,True,578,True,578,True,578,True,578,True,578,True,578,True,578,True,578,True,578,True
ILSVRC2012_val_00031771.png,523,523,193,True,193,True,204,True,193,True,193,True,193,True,193,True,204,True,193,True,186,True
ILSVRC2012_val_00005672.png,524,524,479,True,479,True,479,True,479,True,479,True,479,True,479,True,479,True,479,True,479,True
ILSVRC2012_val_00049883.png,525,525,797,True,852,True,797,True,851,True,797,True,797,True,586,True,797,True,516,True,797,True
ILSVRC2012_val_00038717.png,526,526,816,True,836,True,816,True,678,True,540,True,905,True,85,True,581,True,739,True,841,True
ILSVRC2012_val_00044861.png,527,527,972,True,972,True,972,True,972,True,728,True,972,True,905,True,808,True,822,True,539,True
ILSVRC2012_val_00014012.png,528,528,906,True,592,True,670,True,906,True,592,True,742,True,906,True,540,True,540,True,493,True
ILSVRC2012_val_00030193.png,529,529,730,True,730,True,730,True,730,True,730,True,730,True,730,True,730,True,428,True,730,True
ILSVRC2012_val_00023284.png,530,530,161,True,852,True,203,True,183,True,214,True,161,True,161,True,263,True,183,True,356,True
ILSVRC2012_val_00010019.png,531,531,663,True,663,True,663,True,671,True,607,True,803,True,783,True,663,True,812,True,860,True
ILSVRC2012_val_00039835.png,532,532,788,True,507,True,788,True,788,True,836,True,788,True,641,True,696,True,507,True,465,True
ILSVRC2012_val_00021888.png,533,533,790,True,790,True,888,True,790,True,790,True,790,True,790,True,888,True,678,True,314,True
ILSVRC2012_val_00029386.png,534,534,778,True,701,True,778,True,845,True,540,True,912,True,905,True,847,True,620,True,534,False
ILSVRC2012_val_00020884.png,535,535,751,True,751,True,905,True,905,True,751,True,808,True,905,True,751,True,490,True,905,True
ILSVRC2012_val_00039566.png,536,536,366,True,366,True,366,True,864,True,918,True,366,True,366,True,366,True,366,True,366,True
ILSVRC2012_val_00027221.png,537,537,905,True,905,True,905,True,905,True,792,True,424,True,905,True,707,True,792,True,581,True
ILSVRC2012_val_00043960.png,538,538,751,True,751,True,670,True,612,True,612,True,293,True,612,True,91,True,751,True,918,True
ILSVRC2012_val_00045649.png,539,539,742,True,557,True,550,True,592,True,742,True,742,True,435,True,566,True,742,True,722,True
ILSVRC2012_val_00035316.png,540,540,550,True,550,True,693,True,693,True,550,True,550,True,550,True,550,True,693,True,550,True
ILSVRC2012_val_00023790.png,541,541,665,True,852,True,665,True,204,True,783,True,899,True,819,True,820,True,820,True,820,True
ILSVRC2012_val_00021702.png,542,542,320,True,320,True,320,True,2,True,972,True,972,True,320,True,320,True,320,True,320,True
ILSVRC2012_val_00027965.png,543,543,455,True,455,True,455,True,455,True,455,True,455,True,455,True,455,True,625,True,455,True
ILSVRC2012_val_00006779.png,544,544,846,True,846,True,846,True,846,True,846,True,846,True,846,True,846,True,846,True,846,True
ILSVRC2012_val_00012450.png,545,545,905,True,905,True,905,True,905,True,905,True,905,True,905,True,905,True,905,True,905,True
ILSVRC2012_val_00004346.png,546,546,550,True,701,True,893,True,592,True,550,True,722,True,592,True,79,True,893,True,79,True
ILSVRC2012_val_00041609.png,547,547,852,True,852,True,866,True,866,True,852,True,866,True,852,True,852,True,866,True,852,True
ILSVRC2012_val_00023549.png,548,548,693,True,612,True,866,True,742,True,742,True,742,True,693,True,612,True,455,True,664,True
ILSVRC2012_val_00016250.png,549,549,905,True,905,True,905,True,905,True,905,True,905,True,905,True,905,True,905,True,744,True
ILSVRC2012_val_00021245.png,550,550,790,True,790,True,790,True,790,True,790,True,790,True,790,True,790,True,790,True,770,True
ILSVRC2012_val_00012573.png,551,551,751,True,751,True,751,True,751,True,751,True,751,True,751,True,497,True,918,True,530,True
ILSVRC2012_val_00004160.png,552,552,905,True,905,True,22,True,905,True,905,True,905,True,905,True,905,True,905,True,905,True
ILSVRC2012_val_00046806.png,553,553,905,True,905,True,905,True,905,True,905,True,905,True,905,True,905,True,490,True,905,True
ILSVRC2012_val_00005618.png,554,554,792,True,792,True,792,True,792,True,792,True,792,True,792,True,792,True,792,True,792,True
ILSVRC2012_val_00039559.png,555,555,905,True,905,True,905,True,905,True,905,True,905,True,905,True,742,True,742,True,905,True
ILSVRC2012_val_00029595.png,556,556,751,True,607,True,670,True,742,True,607,True,407,True,751,True,612,True,664,True,539,True
ILSVRC2012_val_00012175.png,557,557,899,True,899,True,899,True,899,True,813,True,899,True,899,True,899,True,899,True,899,True
ILSVRC2012_val_00012078.png,558,558,550,True,550,True,550,True,447,True,447,True,884,True,479,True,869,True,557,True,895,True
ILSVRC2012_val_00037909.png,559,559,738,True,887,True,441,True,535,True,738,True,535,True,738,True,791,True,687,True,535,True
ILSVRC2012_val_00012771.png,560,560,905,True,905,True,905,True,320,True,905,True,905,True,905,True,905,True,905,True,905,True
ILSVRC2012_val_00030254.png,561,561,905,True,905,True,905,True,905,True,905,True,905,True,905,True,905,True,905,True,905,True
ILSVRC2012_val_00018047.png,562,562,455,True,455,True,455,True,918,True,455,True,455,True,918,True,455,True,866,True,455,True
ILSVRC2012_val_00016149.png,563,563,649,True,649,True,649,True,649,True,589,True,649,True,649,True,586,True,649,True,632,True
ILSVRC2012_val_00021816.png,564,564,550,True,550,True,550,True,592,True,550,True,550,True,550,True,693,True,550,True,550,True
ILSVRC2012_val_00019307.png,565,565,905,True,905,True,905,True,905,True,905,True,905,True,905,True,905,True,905,True,905,True
ILSVRC2012_val_00033953.png,566,566,905,True,704,True,905,True,868,True,868,True,868,True,905,True,566,False,566,False,868,True
ILSVRC2012_val_00007536.png,567,567,412,True,895,True,412,True,825,True,795,True,912,True,412,True,468,True,592,True,468,True
ILSVRC2012_val_00030273.png,568,568,470,True,470,True,470,True,470,True,470,True,470,True,470,True,470,True,470,True,470,True
ILSVRC2012_val_00027815.png,569,569,693,True,693,True,693,True,888,True,701,True,693,True,894,True,693,True,749,True,693,True
ILSVRC2012_val_00026865.png,570,570,628,True,852,True,628,True,477,True,628,True,628,True,525,True,830,True,628,True,789,True
ILSVRC2012_val_00009791.png,571,571,557,True,886,True,557,True,974,True,974,True,612,True,974,True,612,True,795,True,612,True
ILSVRC2012_val_00013436.png,572,572,592,True,592,True,592,True,592,True,592,True,592,True,592,True,592,True,592,True,592,True
ILSVRC2012_val_00049793.png,573,573,855,True,855,True,855,True,855,True,855,True,855,True,855,True,855,True,855,True,855,True
ILSVRC2012_val_00042017.png,574,574,918,True,918,True,918,True,918,True,918,True,918,True,918,True,918,True,918,True,918,True
ILSVRC2012_val_00013633.png,575,575,894,True,894,True,894,True,550,True,637,True,749,True,894,True,637,True,742,True,550,True
ILSVRC2012_val_00012668.png,576,576,236,True,236,True,236,True,262,True,256,True,261,True,262,True,256,True,256,True,236,True
ILSVRC2012_val_00010337.png,577,577,905,True,905,True,905,True,905,True,905,True,905,True,905,True,905,True,905,True,905,True
ILSVRC2012_val_00002032.png,578,578,616,True,616,True,616,True,616,True,616,True,616,True,616,True,616,True,616,True,616,True
ILSVRC2012_val_00047427.png,579,579,729,True,729,True,729,True,729,True,729,True,729,True,729,True,729,True,729,True,729,True
ILSVRC2012_val_00016899.png,580,580,882,True,882,True,882,True,882,True,882,True,882,True,882,True,882,True,882,True,882,True
ILSVRC2012_val_00021681.png,581,581,742,True,742,True,742,True,742,True,858,True,742,True,772,True,638,True,407,True,557,True
ILSVRC2012_val_00021911.png,582,582,811,True,811,True,488,True,591,True,509,True,509,True,488,True,892,True,811,True,892,True
ILSVRC2012_val_00035884.png,583,583,972,True,852,True,972,True,563,True,972,True,972,True,830,True,581,True,830,True,581,True
ILSVRC2012_val_00041424.png,584,584,894,True,795,True,894,True,899,True,899,True,758,True,894,True,706,True,800,True,565,True
ILSVRC2012_val_00038731.png,585,585,619,True,619,True,619,True,619,True,619,True,619,True,619,True,619,True,619,True,619,True
ILSVRC2012_val_00005670.png,586,586,521,True,521,True,521,True,521,True,751,True,521,True,521,True,751,True,530,True,521,True
ILSVRC2012_val_00028658.png,587,587,751,True,592,True,869,True,645,True,751,True,635,True,461,True,751,True,612,True,859,True
ILSVRC2012_val_00032002.png,588,588,894,True,550,True,894,True,894,True,894,True,894,True,894,True,894,True,894,True,894,True
ILSVRC2012_val_00049590.png,589,589,550,True,550,True,550,True,550,True,550,True,550,True,600,True,693,True,420,True,550,True
ILSVRC2012_val_00007124.png,590,590,852,True,852,True,852,True,852,True,852,True,972,True,852,True,783,True,665,True,852,True
ILSVRC2012_val_00003188.png,591,591,729,True,751,True,729,True,729,True,729,True,624,True,624,True,893,True,410,True,624,True
ILSVRC2012_val_00044989.png,592,592,816,True,816,True,816,True,816,True,816,True,816,True,816,True,816,True,816,True,816,True
ILSVRC2012_val_00038630.png,593,593,923,True,923,True,916,True,798,True,459,True,923,True,923,True,923,True,923,True,459,True
ILSVRC2012_val_00030826.png,594,594,905,True,905,True,905,True,905,True,905,True,906,True,744,True,547,True,744,True,658,True
ILSVRC2012_val_00039186.png,595,595,670,True,670,True,905,True,905,True,415,True,595,False,905,True,557,True,557,True,595,False
ILSVRC2012_val_00046905.png,596,596,407,True,852,True,885,True,484,True,647,True,407,True,407,True,855,True,407,True,562,True
ILSVRC2012_val_00038419.png,597,597,523,True,523,True,523,True,523,True,523,True,523,True,523,True,523,True,523,True,523,True
ILSVRC2012_val_00035955.png,598,598,905,True,905,True,397,True,85,True,905,True,905,True,397,True,396,True,95,True,19,True
ILSVRC2012_val_00025117.png,599,599,482,True,482,True,482,True,482,True,482,True,482,True,482,True,482,True,483,True,482,True
ILSVRC2012_val_00036530.png,600,600,817,True,751,True,637,True,817,True,751,True,592,True,817,True,696,True,817,True,817,True
ILSVRC2012_val_00000575.png,601,601,563,True,108,True,563,True,665,True,563,True,563,True,563,True,833,True,563,True,979,True
ILSVRC2012_val_00021106.png,602,602,458,True,458,True,458,True,458,True,458,True,458,True,458,True,458,True,458,True,458,True
ILSVRC2012_val_00014669.png,603,603,905,True,905,True,905,True,905,True,51,True,64,True,905,True,905,True,744,True,744,True
ILSVRC2012_val_00013067.png,604,604,905,True,905,True,905,True,905,True,905,True,905,True,905,True,905,True,905,True,557,True
ILSVRC2012_val_00048860.png,605,605,895,True,609,True,895,True,798,True,798,True,605,False,870,True,605,False,605,False,605,False
ILSVRC2012_val_00030161.png,606,606,778,True,778,True,778,True,778,True,778,True,788,True,778,True,778,True,778,True,778,True
ILSVRC2012_val_00029840.png,607,607,665,True,415,True,884,True,479,True,479,True,415,True,665,True,772,True,772,True,415,True
ILSVRC2012_val_00009971.png,608,608,751,True,751,True,751,True,751,True,751,True,751,True,751,True,751,True,751,True,751,True
ILSVRC2012_val_00032573.png,609,609,550,True,550,True,550,True,592,True,550,True,592,True,550,True,869,True,592,True,550,True
ILSVRC2012_val_00026466.png,610,610,751,True,596,True,751,True,751,True,798,True,865,True,751,True,771,True,868,True,865,True
ILSVRC2012_val_00004520.png,611,611,894,True,894,True,894,True,894,True,749,True,749,True,894,True,749,True,894,True,894,True
ILSVRC2012_val_00017238.png,612,612,550,True,550,True,550,True,838,True,592,True,869,True,550,True,722,True,456,True,456,True
ILSVRC2012_val_00043161.png,613,613,455,True,852,True,625,True,625,True,455,True,625,True,455,True,625,True,455,True,455,True
ILSVRC2012_val_00003233.png,614,614,674,True,674,True,674,True,674,True,674,True,674,True,674,True,674,True,674,True,674,True
ILSVRC2012_val_00049234.png,615,615,212,True,212,True,164,True,751,True,751,True,164,True,212,True,866,True,613,True,698,True
ILSVRC2012_val_00048489.png,616,616,751,True,751,True,418,True,724,True,751,True,751,True,751,True,418,True,418,True,807,True
ILSVRC2012_val_00009095.png,617,617,798,True,751,True,798,True,798,True,798,True,751,True,798,True,798,True,798,True,617,False
ILSVRC2012_val_00038063.png,618,618,455,True,455,True,455,True,455,True,455,True,455,True,455,True,455,True,455,True,455,True
ILSVRC2012_val_00046392.png,619,619,416,True,416,True,416,True,416,True,416,True,416,True,416,True,792,True,510,True,861,True
ILSVRC2012_val_00044447.png,620,620,729,True,729,True,729,True,729,True,729,True,729,True,729,True,729,True,729,True,729,True
ILSVRC2012_val_00038104.png,621,621,670,True,670,True,670,True,670,True,670,True,670,True,670,True,670,True,916,True,670,True
ILSVRC2012_val_00009771.png,622,622,765,True,514,True,765,True,982,True,647,True,642,True,765,True,765,True,561,True,561,True
ILSVRC2012_val_00036313.png,623,623,884,True,464,True,747,True,432,True,515,True,432,True,884,True,798,True,486,True,505,True
ILSVRC2012_val_00024027.png,624,624,670,True,670,True,670,True,670,True,670,True,670,True,670,True,670,True,670,True,670,True
ILSVRC2012_val_00027584.png,625,625,412,True,412,True,412,True,479,True,479,True,479,True,412,True,479,True,412,True,550,True
ILSVRC2012_val_00042196.png,626,626,905,True,905,True,905,True,905,True,905,True,905,True,905,True,905,True,905,True,905,True
ILSVRC2012_val_00005722.png,627,627,454,True,454,True,454,True,454,True,454,True,454,True,454,True,454,True,454,True,454,True
ILSVRC2012_val_00039264.png,628,628,670,True,905,True,670,True,485,True,396,True,798,True,670,True,804,True,804,True,628,False
ILSVRC2012_val_00002093.png,629,629,665,True,665,True,665,True,665,True,665,True,665,True,665,True,689,True,887,True,665,True
ILSVRC2012_val_00030534.png,630,630,420,True,786,True,786,True,786,True,420,True,786,True,420,True,420,True,786,True,420,True
ILSVRC2012_val_00021725.png,631,631,906,True,906,True,906,True,906,True,906,True,906,True,906,True,906,True,906,True,905,True
ILSVRC2012_val_00045590.png,632,632,923,True,923,True,923,True,923,True,923,True,550,True,923,True,923,True,923,True,923,True
ILSVRC2012_val_00010819.png,633,633,920,True,920,True,920,True,499,True,922,True,773,True,920,True,465,True,465,True,782,True
ILSVRC2012_val_00044571.png,634,634,864,True,864,True,864,True,864,True,864,True,864,True,864,True,864,True,677,True,634,False
ILSVRC2012_val_00022675.png,635,635,860,True,1000,True,860,True,660,True,860,True,850,True,860,True,887,True,887,True,887,True
ILSVRC2012_val_00032353.png,636,636,686,True,686,True,686,True,686,True,686,True,686,True,686,True,686,True,686,True,686,True
ILSVRC2012_val_00027741.png,637,637,808,True,808,True,670,True,808,True,600,True,397,True,670,True,808,True,506,True,460,True
ILSVRC2012_val_00011151.png,638,638,713,True,713,True,713,True,713,True,713,True,713,True,713,True,713,True,884,True,884,True
ILSVRC2012_val_00007053.png,639,639,457,True,399,True,457,True,457,True,457,True,670,True,670,True,670,True,457,True,844,True
ILSVRC2012_val_00017142.png,640,640,905,True,844,True,905,True,905,True,905,True,905,True,905,True,400,True,905,True,905,True
ILSVRC2012_val_00048354.png,641,641,825,True,592,True,795,True,889,True,573,True,7,True,825,True,7,True,34,True,34,True
ILSVRC2012_val_00026768.png,642,642,435,True,203,True,592,True,271,True,192,True,271,True,886,True,190,True,701,True,949,True
ILSVRC2012_val_00040861.png,643,643,918,True,918,True,852,True,980,True,765,True,751,True,979,True,751,True,740,True,848,True
ILSVRC2012_val_00016941.png,644,644,798,True,798,True,798,True,524,True,524,True,742,True,798,True,524,True,543,True,543,True
ILSVRC2012_val_00041898.png,645,645,906,True,906,True,906,True,906,True,906,True,906,True,906,True,906,True,906,True,906,True
ILSVRC2012_val_00021102.png,646,646,561,True,866,True,451,True,866,True,738,True,535,True,535,True,752,True,561,True,866,True
ILSVRC2012_val_00044403.png,647,647,751,True,751,True,751,True,751,True,493,True,751,True,751,True,751,True,751,True,647,False
ILSVRC2012_val_00007887.png,648,648,578,True,974,True,886,True,974,True,620,True,886,True,578,True,722,True,886,True,888,True
ILSVRC2012_val_00020086.png,649,649,886,True,550,True,886,True,886,True,886,True,886,True,550,True,479,True,751,True,435,True
ILSVRC2012_val_00018372.png,650,650,905,True,905,True,905,True,905,True,905,True,905,True,905,True,880,True,905,True,905,True
ILSVRC2012_val_00031013.png,651,651,152,True,152,True,435,True,285,True,285,True,285,True,751,True,105,True,435,True,435,True
ILSVRC2012_val_00008779.png,652,652,905,True,905,True,905,True,905,True,558,True,905,True,905,True,905,True,800,True,905,True
ILSVRC2012_val_00043287.png,653,653,202,True,918,True,612,True,202,True,202,True,644,True,202,True,569,True,477,True,468,True
ILSVRC2012_val_00036896.png,654,654,565,True,565,True,565,True,565,True,565,True,565,True,565,True,751,True,565,True,644,True
ILSVRC2012_val_00027157.png,655,655,804,True,804,True,804,True,587,True,804,True,804,True,804,True,804,True,804,True,804,True
ILSVRC2012_val_00010375.png,656,656,584,True,584,True,584,True,584,True,584,True,584,True,584,True,584,True,584,True,584,True
ILSVRC2012_val_00044089.png,657,657,469,True,469,True,469,True,469,True,469,True,469,True,469,True,469,True,469,True,469,True
ILSVRC2012_val_00026052.png,658,658,852,True,852,True,655,True,647,True,771,True,751,True,415,True,831,True,899,True,803,True
ILSVRC2012_val_00034524.png,659,659,620,True,563,True,905,True,836,True,580,True,836,True,712,True,495,True,836,True,52,True
ILSVRC2012_val_00029594.png,660,660,905,True,37,True,395,True,905,True,905,True,905,True,905,True,609,True,905,True,905,True
ILSVRC2012_val_00035097.png,661,661,742,True,665,True,742,True,742,True,742,True,742,True,742,True,742,True,742,True,742,True
ILSVRC2012_val_00029553.png,662,662,918,True,918,True,918,True,918,True,918,True,918,True,918,True,918,True,918,True,918,True
ILSVRC2012_val_00025706.png,663,663,550,True,550,True,118,True,592,True,550,True,550,True,550,True,592,True,550,True,722,True
ILSVRC2012_val_00029842.png,664,664,612,True,612,True,612,True,563,True,563,True,905,True,612,True,563,True,563,True,905,True
ILSVRC2012_val_00049784.png,665,665,455,True,455,True,455,True,455,True,455,True,510,True,455,True,455,True,455,True,455,True
ILSVRC2012_val_00004104.png,666,666,918,True,918,True,918,True,918,True,918,True,918,True,918,True,918,True,918,True,918,True
ILSVRC2012_val_00014930.png,667,667,1000,True,1000,True,1000,True,809,True,809,True,471,True,1000,True,1000,True,1000,True,1000,True
ILSVRC2012_val_00044851.png,668,668,665,True,665,True,665,True,698,True,457,True,463,True,457,True,670,True,670,True,670,True
ILSVRC2012_val_00031119.png,669,669,905,True,25,True,382,True,905,True,905,True,905,True,377,True,366,True,384,True,369,True
ILSVRC2012_val_00000859.png,670,670,790,True,790,True,790,True,592,True,790,True,790,True,905,True,790,True,581,True,539,True
ILSVRC2012_val_00022401.png,671,671,451,True,852,True,840,True,451,True,647,True,52,True,451,True,702,True,702,True,702,True
ILSVRC2012_val_00042426.png,672,672,557,True,557,True,557,True,557,True,557,True,557,True,557,True,637,True,493,True,557,True
ILSVRC2012_val_00045084.png,673,673,550,True,550,True,550,True,592,True,722,True,722,True,722,True,550,True,420,True,722,True
ILSVRC2012_val_00045539.png,674,674,939,True,939,True,939,True,939,True,939,True,939,True,939,True,939,True,939,True,939,True
ILSVRC2012_val_00020103.png,675,675,331,True,331,True,332,True,332,True,332,True,332,True,332,True,332,True,331,True,331,True
ILSVRC2012_val_00009793.png,676,676,554,True,554,True,554,True,845,True,845,True,845,True,554,True,554,True,554,True,554,True
ILSVRC2012_val_00021342.png,677,677,565,True,565,True,565,True,565,True,565,True,565,True,565,True,565,True,565,True,565,True
ILSVRC2012_val_00004229.png,678,678,85,True,48,True,905,True,905,True,85,True,51,True,85,True,50,True,85,True,905,True
ILSVRC2012_val_00023271.png,679,679,852,True,852,True,852,True,852,True,852,True,476,True,852,True,809,True,809,True,809,True
ILSVRC2012_val_00019174.png,680,680,612,True,612,True,612,True,612,True,612,True,612,True,612,True,612,True,858,True,533,True
ILSVRC2012_val_00000540.png,681,681,311,True,435,True,77,True,912,True,912,True,825,True,311,True,435,True,7,True,7,True
ILSVRC2012_val_00015715.png,682,682,905,True,905,True,905,True,905,True,905,True,905,True,905,True,905,True,905,True,905,True
ILSVRC2012_val_00017506.png,683,683,609,True,670,True,609,True,698,True,905,True,670,True,609,True,609,True,609,True,609,True
ILSVRC2012_val_00020445.png,684,684,566,True,566,True,566,True,834,True,566,True,635,True,834,True,566,True,566,True,566,True
ILSVRC2012_val_00031571.png,685,685,898,True,760,True,760,True,448,True,898,True,879,True,525,True,519,True,787,True,879,True
ILSVRC2012_val_00008691.png,686,686,722,True,465,True,465,True,722,True,751,True,722,True,722,True,465,True,465,True,465,True
ILSVRC2012_val_00046519.png,687,687,852,True,722,True,477,True,37,True,621,True,488,True,852,True,801,True,621,True,972,True
ILSVRC2012_val_00009172.png,688,688,592,True,592,True,637,True,866,True,612,True,742,True,866,True,710,True,612,True,688,False
ILSVRC2012_val_00005023.png,689,689,729,True,729,True,729,True,729,True,729,True,729,True,729,True,729,True,729,True,729,True
ILSVRC2012_val_00041091.png,690,690,905,True,25,True,905,True,444,True,905,True,659,True,110,True,659,True,659,True,659,True
ILSVRC2012_val_00014640.png,691,691,354,True,354,True,354,True,40,True,354,True,40,True,354,True,354,True,354,True,354,True
ILSVRC2012_val_00039176.png,692,692,795,True,795,True,592,True,490,True,795,True,644,True,592,True,644,True,25,True,644,True
ILSVRC2012_val_00019016.png,693,693,923,True,923,True,923,True,923,True,923,True,923,True,923,True,923,True,923,True,923,True
ILSVRC2012_val_00016218.png,694,694,905,True,905,True,905,True,905,True,905,True,972,True,905,True,905,True,905,True,457,True
ILSVRC2012_val_00032590.png,695,695,905,True,905,True,905,True,905,True,905,True,905,True,905,True,905,True,905,True,905,True
ILSVRC2012_val_00025473.png,696,696,898,True,885,True,730,True,533,True,858,True,898,True,795,True,898,True,858,True,584,True
ILSVRC2012_val_00005694.png,697,697,852,True,852,True,852,True,905,True,563,True,85,True,670,True,85,True,670,True,670,True
ILSVRC2012_val_00028828.png,698,698,802,True,37,True,802,True,984,True,802,True,984,True,802,True,802,True,120,True,802,True
ILSVRC2012_val_00023227.png,699,699,615,True,615,True,615,True,823,True,647,True,615,True,705,True,874,True,613,True,613,True
ILSVRC2012_val_00047439.png,700,700,550,True,550,True,550,True,550,True,550,True,435,True,493,True,550,True,550,True,700,False
ILSVRC2012_val_00013889.png,701,701,476,True,631,True,476,True,117,True,117,True,117,True,476,True,476,True,476,True,476,True
ILSVRC2012_val_00007616.png,702,702,899,True,899,True,692,True,899,True,899,True,899,True,899,True,720,True,899,True,692,True
ILSVRC2012_val_00011647.png,703,703,633,True,633,True,633,True,633,True,633,True,633,True,633,True,633,True,633,True,633,True
ILSVRC2012_val_00032798.png,704,704,675,True,675,True,675,True,675,True,675,True,675,True,675,True,675,True,675,True,675,True
ILSVRC2012_val_00028312.png,705,705,905,True,905,True,905,True,905,True,905,True,905,True,905,True,905,True,905,True,905,True
ILSVRC2012_val_00024310.png,706,706,481,True,481,True,481,True,481,True,481,True,481,True,481,True,481,True,481,True,481,True
ILSVRC2012_val_00048451.png,707,707,801,True,801,True,801,True,531,True,801,True,887,True,887,True,801,True,801,True,801,True
ILSVRC2012_val_00041733.png,708,708,528,True,528,True,849,True,665,True,528,True,528,True,528,True,528,True,528,True,528,True
ILSVRC2012_val_00034875.png,709,709,905,True,905,True,905,True,905,True,905,True,905,True,905,True,905,True,905,True,905,True
ILSVRC2012_val_00043488.png,710,710,670,True,670,True,869,True,589,True,557,True,540,True,670,True,894,True,869,True,894,True
ILSVRC2012_val_00022443.png,711,711,435,True,550,True,550,True,435,True,435,True,435,True,435,True,435,True,798,True,831,True
ILSVRC2012_val_00047385.png,712,712,520,True,520,True,520,True,520,True,520,True,520,True,520,True,520,True,520,True,520,True
ILSVRC2012_val_00047393.png,713,713,729,True,729,True,729,True,729,True,729,True,729,True,729,True,729,True,729,True,729,True
ILSVRC2012_val_00024977.png,714,714,652,True,652,True,652,True,557,True,652,True,557,True,652,True,652,True,652,True,557,True
ILSVRC2012_val_00029992.png,715,715,722,True,722,True,722,True,722,True,722,True,722,True,722,True,447,True,894,True,894,True
ILSVRC2012_val_00045639.png,716,716,771,True,771,True,771,True,899,True,771,True,899,True,899,True,896,True,899,True,899,True
ILSVRC2012_val_00034416.png,717,717,905,True,905,True,905,True,905,True,905,True,905,True,905,True,595,True,906,True,717,False
ILSVRC2012_val_00033589.png,718,718,780,True,780,True,780,True,780,True,780,True,780,True,780,True,780,True,780,True,780,True
ILSVRC2012_val_00029034.png,719,719,919,True,919,True,919,True,919,True,919,True,919,True,919,True,919,True,919,True,919,True
ILSVRC2012_val_00029449.png,720,720,496,True,496,True,496,True,496,True,496,True,496,True,496,True,496,True,496,True,496,True
ILSVRC2012_val_00003066.png,721,721,550,True,550,True,550,True,550,True,550,True,550,True,550,True,550,True,550,True,550,True
ILSVRC2012_val_00033701.png,722,722,550,True,479,True,693,True,550,True,600,True,550,True,550,True,550,True,791,True,894,True
ILSVRC2012_val_00033175.png,723,723,852,True,852,True,852,True,832,True,615,True,798,True,798,True,852,True,852,True,723,False
ILSVRC2012_val_00027597.png,724,724,611,True,611,True,611,True,611,True,611,True,886,True,611,True,611,True,611,True,611,True
ILSVRC2012_val_00037776.png,725,725,314,True,905,True,314,True,314,True,550,True,581,True,314,True,731,True,739,True,739,True
ILSVRC2012_val_00018614.png,726,726,916,True,916,True,916,True,916,True,916,True,432,True,916,True,916,True,502,True,400,True
ILSVRC2012_val_00008288.png,727,727,710,True,435,True,710,True,592,True,693,True,710,True,550,True,710,True,710,True,727,False
ILSVRC2012_val_00019396.png,728,728,707,True,68,True,800,True,670,True,707,True,670,True,66,True,68,True,66,True,978,True
ILSVRC2012_val_00035198.png,729,729,724,True,724,True,507,True,507,True,724,True,507,True,724,True,724,True,724,True,607,True
ILSVRC2012_val_00022290.png,730,730,905,True,816,True,905,True,751,True,581,True,670,True,905,True,670,True,670,True,670,True
ILSVRC2012_val_00038945.png,731,731,587,True,662,True,587,True,587,True,587,True,867,True,662,True,867,True,867,True,867,True
ILSVRC2012_val_00006905.png,732,732,533,True,709,True,533,True,847,True,847,True,847,True,709,True,847,True,709,True,709,True
ILSVRC2012_val_00014850.png,733,733,616,True,644,True,557,True,616,True,616,True,760,True,616,True,532,True,623,True,623,True
ILSVRC2012_val_00038951.png,734,734,493,True,790,True,844,True,844,True,493,True,494,True,493,True,844,True,844,True,844,True
ILSVRC2012_val_00020853.png,735,735,866,True,432,True,751,True,432,True,852,True,432,True,432,True,469,True,818,True,752,True
ILSVRC2012_val_00030147.png,736,736,493,True,493,True,493,True,493,True,493,True,493,True,493,True,493,True,557,True,493,True
ILSVRC2012_val_00046005.png,737,737,584,True,584,True,584,True,584,True,584,True,584,True,584,True,584,True,584,True,584,True
ILSVRC2012_val_00030143.png,738,738,729,True,729,True,729,True,729,True,729,True,729,True,729,True,729,True,729,True,729,True
ILSVRC2012_val_00016454.png,739,739,328,True,328,True,869,True,776,True,111,True,515,True,825,True,862,True,972,True,391,True
ILSVRC2012_val_00026538.png,740,740,852,True,852,True,504,True,590,True,698,True,628,True,852,True,628,True,628,True,763,True
ILSVRC2012_val_00018033.png,741,741,852,True,852,True,415,True,519,True,519,True,693,True,852,True,519,True,519,True,519,True
ILSVRC2012_val_00005875.png,742,742,455,True,455,True,520,True,693,True,520,True,479,True,455,True,479,True,482,True,693,True
ILSVRC2012_val_00009689.png,743,743,531,True,531,True,531,True,531,True,531,True,531,True,531,True,782,True,919,True,531,True
ILSVRC2012_val_00006546.png,744,744,864,True,864,True,864,True,864,True,864,True,864,True,864,True,864,True,864,True,864,True
ILSVRC2012_val_00009588.png,745,745,905,True,905,True,905,True,905,True,905,True,905,True,905,True,905,True,905,True,905,True
ILSVRC2012_val_00041303.png,746,746,798,True,798,True,798,True,798,True,798,True,798,True,798,True,798,True,798,True,798,True
ILSVRC2012_val_00027603.png,747,747,855,True,855,True,855,True,855,True,855,True,855,True,855,True,855,True,855,True,855,True
ILSVRC2012_val_00032395.png,748,748,887,True,665,True,887,True,887,True,887,True,887,True,665,True,887,True,887,True,887,True
ILSVRC2012_val_00039205.png,749,749,550,True,550,True,693,True,693,True,550,True,550,True,693,True,710,True,693,True,749,False
ILSVRC2012_val_00023962.png,750,750,852,True,852,True,665,True,476,True,593,True,606,True,606,True,410,True,410,True,755,True
ILSVRC2012_val_00044687.png,751,751,550,True,550,True,550,True,550,True,550,True,550,True,550,True,550,True,530,True,530,True
ILSVRC2012_val_00006738.png,752,752,735,True,735,True,735,True,735,True,735,True,735,True,735,True,735,True,735,True,735,True
ILSVRC2012_val_00046313.png,753,753,110,True,125,True,110,True,701,True,110,True,701,True,899,True,897,True,869,True,894,True
ILSVRC2012_val_00031556.png,754,754,906,True,795,True,906,True,751,True,906,True,906,True,906,True,906,True,906,True,906,True
ILSVRC2012_val_00034715.png,755,755,905,True,905,True,905,True,670,True,905,True,905,True,905,True,670,True,905,True,905,True
ILSVRC2012_val_00043638.png,756,756,751,True,798,True,751,True,751,True,751,True,465,True,798,True,670,True,751,True,751,True
ILSVRC2012_val_00025514.png,757,757,852,True,852,True,824,True,852,True,698,True,515,True,852,True,824,True,832,True,762,True
ILSVRC2012_val_00021353.png,758,758,693,True,722,True,693,True,751,True,751,True,751,True,693,True,693,True,449,True,693,True
ILSVRC2012_val_00017567.png,759,759,612,True,852,True,336,True,65,True,612,True,364,True,52,True,583,True,852,True,510,True
ILSVRC2012_val_00035133.png,760,760,733,True,733,True,733,True,733,True,733,True,733,True,733,True,733,True,746,True,733,True
ILSVRC2012_val_00038840.png,761,761,852,True,852,True,852,True,918,True,835,True,835,True,918,True,740,True,862,True,835,True
ILSVRC2012_val_00022985.png,762,762,591,True,892,True,892,True,762,False,762,False,762,False,529,True,762,False,762,False,762,False
ILSVRC2012_val_00038151.png,763,763,578,True,578,True,578,True,578,True,578,True,578,True,578,True,578,True,578,True,748,True
ILSVRC2012_val_00038575.png,764,764,592,True,479,True,592,True,592,True,535,True,592,True,435,True,764,False,765,True,527,True
ILSVRC2012_val_00017615.png,765,765,554,True,554,True,554,True,554,True,554,True,554,True,554,True,554,True,554,True,554,True
ILSVRC2012_val_00047789.png,766,766,527,True,527,True,527,True,533,True,533,True,496,True,527,True,496,True,670,True,533,True
ILSVRC2012_val_00014839.png,767,767,905,True,905,True,905,True,905,True,905,True,905,True,905,True,905,True,905,True,905,True
ILSVRC2012_val_00001911.png,768,768,795,True,795,True,905,True,795,True,795,True,795,True,795,True,795,True,795,True,885,True
ILSVRC2012_val_00002555.png,769,769,530,True,530,True,530,True,530,True,794,True,794,True,530,True,794,True,530,True,530,True
ILSVRC2012_val_00003900.png,770,770,795,True,795,True,795,True,795,True,795,True,795,True,795,True,795,True,795,True,795,True
ILSVRC2012_val_00035596.png,771,771,751,True,557,True,751,True,751,True,751,True,751,True,592,True,771,False,771,False,771,False
ILSVRC2012_val_00029765.png,772,772,592,True,592,True,592,True,592,True,592,True,592,True,592,True,894,True,482,True,482,True
ILSVRC2012_val_00033544.png,773,773,670,True,670,True,670,True,670,True,670,True,670,True,670,True,670,True,670,True,670,True
ILSVRC2012_val_00002342.png,774,774,715,True,715,True,715,True,715,True,715,True,715,True,715,True,715,True,715,True,715,True
ILSVRC2012_val_00027771.png,775,775,795,True,795,True,795,True,795,True,795,True,795,True,795,True,795,True,795,True,795,True
ILSVRC2012_val_00029271.png,776,776,905,True,905,True,905,True,905,True,905,True,905,True,905,True,905,True,692,True,414,True
ILSVRC2012_val_00014003.png,777,777,957,True,893,True,945,True,789,True,957,True,546,True,789,True,423,True,544,True,643,True
ILSVRC2012_val_00021220.png,778,778,894,True,609,True,894,True,797,True,894,True,894,True,894,True,609,True,894,True,609,True
ILSVRC2012_val_00012529.png,779,779,693,True,693,True,693,True,693,True,693,True,693,True,693,True,693,True,693,True,693,True
ILSVRC2012_val_00025461.png,780,780,875,True,875,True,875,True,875,True,875,True,875,True,875,True,875,True,875,True,875,True
ILSVRC2012_val_00007978.png,781,781,905,True,905,True,905,True,905,True,905,True,905,True,905,True,566,True,905,True,905,True
ILSVRC2012_val_00017213.png,782,782,481,True,481,True,481,True,481,True,481,True,481,True,481,True,481,True,481,True,481,True
ILSVRC2012_val_00031567.png,783,783,565,True,565,True,565,True,565,True,565,True,565,True,565,True,670,True,565,True,565,True
ILSVRC2012_val_00046660.png,784,784,795,True,795,True,795,True,885,True,885,True,784,False,795,True,784,False,784,False,784,False
ILSVRC2012_val_00039125.png,785,785,795,True,795,True,795,True,795,True,795,True,795,True,795,True,795,True,611,True,533,True
ILSVRC2012_val_00009975.png,786,786,581,True,581,True,581,True,581,True,581,True,581,True,581,True,581,True,581,True,581,True
ILSVRC2012_val_00037519.png,787,787,894,True,894,True,894,True,894,True,749,True,415,True,894,True,415,True,894,True,415,True
ILSVRC2012_val_00024024.png,788,788,670,True,415,True,670,True,432,True,698,True,615,True,432,True,615,True,670,True,615,True
ILSVRC2012_val_00044973.png,789,789,852,True,852,True,612,True,722,True,852,True,497,True,497,True,497,True,497,True,612,True
ILSVRC2012_val_00001632.png,790,790,906,True,906,True,906,True,906,True,906,True,906,True,906,True,906,True,477,True,906,True
ILSVRC2012_val_00028558.png,791,791,670,True,809,True,670,True,885,True,880,True,791,False,592,True,791,False,791,False,791,False
ILSVRC2012_val_00010406.png,792,792,905,True,905,True,905,True,913,True,973,True,905,True,905,True,905,True,792,False,973,True
ILSVRC2012_val_00020523.png,793,793,905,True,905,True,905,True,905,True,905,True,905,True,905,True,905,True,905,True,905,True
ILSVRC2012_val_00027144.png,794,794,852,True,852,True,852,True,2,True,809,True,692,True,786,True,852,True,820,True,740,True
ILSVRC2012_val_00033918.png,795,795,905,True,905,True,905,True,905,True,905,True,905,True,905,True,905,True,905,True,905,True
ILSVRC2012_val_00024679.png,796,796,922,True,922,True,922,True,922,True,922,True,922,True,922,True,922,True,922,True,922,True
ILSVRC2012_val_00011305.png,797,797,615,True,615,True,615,True,888,True,615,True,615,True,615,True,615,True,615,True,615,True
ILSVRC2012_val_00045067.png,798,798,342,True,34,True,342,True,342,True,342,True,34,True,342,True,34,True,342,True,36,True
ILSVRC2012_val_00006464.png,799,799,751,True,905,True,751,True,795,True,751,True,905,True,557,True,751,True,751,True,795,True
ILSVRC2012_val_00029411.png,800,800,906,True,906,True,906,True,906,True,906,True,906,True,906,True,906,True,906,True,906,True
ILSVRC2012_val_00013787.png,801,801,455,True,455,True,455,True,455,True,455,True,455,True,455,True,455,True,455,True,455,True
ILSVRC2012_val_00010908.png,802,802,475,True,809,True,475,True,820,True,475,True,922,True,475,True,475,True,475,True,475,True
ILSVRC2012_val_00009236.png,803,803,592,True,550,True,550,True,592,True,592,True,592,True,592,True,550,True,550,True,922,True
ILSVRC2012_val_00014617.png,804,804,894,True,412,True,894,True,894,True,894,True,868,True,894,True,758,True,758,True,868,True
ILSVRC2012_val_00005424.png,805,805,913,True,913,True,526,True,396,True,913,True,688,True,973,True,693,True,776,True,885,True
ILSVRC2012_val_00024334.png,806,806,742,True,637,True,557,True,742,True,742,True,893,True,742,True,869,True,612,True,612,True
ILSVRC2012_val_00031652.png,807,807,670,True,670,True,670,True,670,True,670,True,670,True,670,True,795,True,458,True,807,False
ILSVRC2012_val_00028650.png,808,808,918,True,918,True,497,True,918,True,918,True,918,True,918,True,798,True,866,True,918,True
ILSVRC2012_val_00020420.png,809,809,565,True,565,True,565,True,565,True,751,True,751,True,751,True,565,True,565,True,751,True
ILSVRC2012_val_00001296.png,810,810,925,True,925,True,925,True,925,True,925,True,925,True,925,True,925,True,925,True,925,True
ILSVRC2012_val_00030759.png,811,811,399,True,399,True,399,True,399,True,399,True,879,True,399,True,811,False,879,True,879,True
ILSVRC2012_val_00040031.png,812,812,652,True,652,True,652,True,652,True,652,True,652,True,652,True,652,True,652,True,652,True
ILSVRC2012_val_00004703.png,813,813,620,True,620,True,620,True,620,True,620,True,620,True,620,True,620,True,620,True,620,True
ILSVRC2012_val_00003369.png,814,814,905,True,905,True,670,True,905,True,905,True,905,True,913,True,670,True,670,True,905,True
ILSVRC2012_val_00042203.png,815,815,852,True,852,True,783,True,665,True,852,True,665,True,852,True,852,True,852,True,894,True
ILSVRC2012_val_00048313.png,816,816,751,True,64,True,905,True,888,True,888,True,888,True,886,True,822,True,751,True,886,True
ILSVRC2012_val_00034139.png,817,817,962,True,962,True,962,True,962,True,962,True,962,True,962,True,962,True,962,True,315,True
ILSVRC2012_val_00049675.png,818,818,830,True,830,True,758,True,830,True,830,True,758,True,830,True,830,True,830,True,830,True
ILSVRC2012_val_00018294.png,819,819,852,True,852,True,852,True,852,True,852,True,852,True,852,True,852,True,852,True,852,True
ILSVRC2012_val_00043679.png,820,820,852,True,852,True,852,True,476,True,852,True,852,True,476,True,476,True,476,True,499,True
ILSVRC2012_val_00000544.png,821,821,665,True,665,True,665,True,665,True,665,True,665,True,665,True,665,True,665,True,467,True
ILSVRC2012_val_00012942.png,822,822,751,True,751,True,751,True,751,True,751,True,751,True,751,True,595,True,751,True,822,False
ILSVRC2012_val_00015062.png,823,823,25,True,25,True,25,True,25,True,25,True,44,True,25,True,492,True,25,True,25,True
ILSVRC2012_val_00045154.png,824,824,427,True,427,True,427,True,427,True,427,True,427,True,427,True,427,True,427,True,427,True
ILSVRC2012_val_00026365.png,825,825,701,True,701,True,701,True,701,True,701,True,701,True,701,True,701,True,701,True,701,True
ILSVRC2012_val_00008677.png,826,826,382,True,696,True,382,True,374,True,584,True,77,True,382,True,379,True,379,True,167,True
ILSVRC2012_val_00025757.png,827,827,636,True,636,True,636,True,636,True,636,True,636,True,636,True,636,True,636,True,636,True
ILSVRC2012_val_00001174.png,828,828,665,True,665,True,670,True,972,True,665,True,455,True,519,True,733,True,661,True,828,False
ILSVRC2012_val_00014495.png,829,829,416,True,416,True,416,True,416,True,416,True,416,True,416,True,416,True,416,True,416,True
ILSVRC2012_val_00033772.png,830,830,782,True,782,True,782,True,782,True,782,True,499,True,782,True,782,True,499,True,499,True
ILSVRC2012_val_00002731.png,831,831,918,True,918,True,918,True,918,True,918,True,918,True,918,True,918,True,918,True,866,True
ILSVRC2012_val_00047922.png,832,832,435,True,435,True,435,True,435,True,435,True,435,True,435,True,435,True,435,True,435,True
ILSVRC2012_val_00012967.png,833,833,742,True,742,True,795,True,742,True,742,True,742,True,795,True,465,True,795,True,742,True
ILSVRC2012_val_00034762.png,834,834,905,True,905,True,905,True,905,True,905,True,905,True,905,True,905,True,905,True,265,True
ILSVRC2012_val_00049025.png,835,835,729,True,729,True,729,True,729,True,729,True,729,True,729,True,907,True,907,True,835,False
ILSVRC2012_val_00037849.png,836,836,905,True,905,True,906,True,905,True,905,True,905,True,905,True,905,True,905,True,905,True
ILSVRC2012_val_00041874.png,837,837,670,True,670,True,670,True,670,True,670,True,670,True,670,True,415,True,791,True,670,True
ILSVRC2012_val_00019127.png,838,838,458,True,458,True,458,True,458,True,458,True,458,True,458,True,458,True,458,True,458,True
ILSVRC2012_val_00011004.png,839,839,550,True,550,True,550,True,592,True,550,True,550,True,550,True,611,True,611,True,693,True
ILSVRC2012_val_00041283.png,840,840,742,True,742,True,742,True,742,True,742,True,742,True,742,True,742,True,742,True,742,True
ILSVRC2012_val_00038364.png,841,841,751,True,412,True,751,True,798,True,751,True,798,True,751,True,798,True,497,True,530,True
ILSVRC2012_val_00002955.png,842,842,550,True,434,True,550,True,550,True,550,True,592,True,550,True,592,True,550,True,794,True
ILSVRC2012_val_00045851.png,843,843,820,True,820,True,820,True,820,True,820,True,820,True,852,True,820,True,820,True,609,True
ILSVRC2012_val_00044683.png,844,844,584,True,584,True,584,True,500,True,584,True,584,True,584,True,584,True,500,True,584,True
ILSVRC2012_val_00048738.png,845,845,905,True,905,True,905,True,905,True,905,True,905,True,905,True,584,True,905,True,905,True
ILSVRC2012_val_00028109.png,846,846,905,True,905,True,905,True,609,True,905,True,905,True,905,True,905,True,670,True,770,True
ILSVRC2012_val_00024312.png,847,847,533,True,533,True,533,True,533,True,533,True,533,True,533,True,533,True,670,True,670,True
ILSVRC2012_val_00034135.png,848,848,746,True,852,True,806,True,496,True,527,True,746,True,746,True,852,True,746,True,587,True
ILSVRC2012_val_00042077.png,849,849,114,True,114,True,114,True,114,True,114,True,114,True,114,True,114,True,114,True,114,True
ILSVRC2012_val_00049748.png,850,850,730,True,730,True,730,True,730,True,730,True,730,True,730,True,730,True,730,True,726,True
ILSVRC2012_val_00046628.png,851,851,794,True,794,True,794,True,125,True,477,True,397,True,794,True,794,True,794,True,510,True
ILSVRC2012_val_00022274.png,852,852,584,True,584,True,584,True,493,True,584,True,584,True,584,True,696,True,584,True,493,True
ILSVRC2012_val_00049400.png,853,853,855,True,906,True,855,True,855,True,855,True,885,True,886,True,885,True,885,True,885,True
ILSVRC2012_val_00046482.png,854,854,905,True,905,True,905,True,905,True,905,True,905,True,905,True,612,True,905,True,905,True
ILSVRC2012_val_00006662.png,855,855,581,True,383,True,581,True,792,True,516,True,581,True,581,True,583,True,728,True,763,True
ILSVRC2012_val_00011341.png,856,856,899,True,899,True,899,True,899,True,899,True,899,True,899,True,899,True,899,True,899,True
ILSVRC2012_val_00029312.png,857,857,699,True,795,True,795,True,795,True,699,True,612,True,699,True,864,True,699,True,707,True
ILSVRC2012_val_00004705.png,858,858,918,True,918,True,918,True,918,True,918,True,773,True,918,True,918,True,696,True,918,True
ILSVRC2012_val_00018247.png,859,859,751,True,751,True,751,True,751,True,751,True,751,True,751,True,751,True,751,True,751,True
ILSVRC2012_val_00040041.png,860,860,550,True,550,True,550,True,550,True,550,True,550,True,550,True,550,True,412,True,550,True
ILSVRC2012_val_00044655.png,861,861,665,True,665,True,665,True,801,True,665,True,665,True,746,True,665,True,665,True,852,True
ILSVRC2012_val_00033168.png,862,862,693,True,693,True,693,True,749,True,749,True,589,True,749,True,749,True,760,True,693,True
ILSVRC2012_val_00005528.png,863,863,557,True,557,True,557,True,557,True,557,True,838,True,557,True,557,True,557,True,557,True
ILSVRC2012_val_00000809.png,864,864,905,True,905,True,905,True,905,True,905,True,905,True,905,True,905,True,214,True,905,True
ILSVRC2012_val_00021814.png,865,865,665,True,665,True,665,True,665,True,758,True,665,True,665,True,820,True,706,True,758,True
ILSVRC2012_val_00000579.png,866,866,905,True,905,True,905,True,905,True,905,True,905,True,905,True,490,True,490,True,844,True
ILSVRC2012_val_00024074.png,867,867,691,True,691,True,691,True,691,True,691,True,691,True,691,True,691,True,691,True,604,True
ILSVRC2012_val_00018084.png,868,868,665,True,665,True,783,True,510,True,665,True,510,True,612,True,852,True,721,True,868,False
ILSVRC2012_val_00027040.png,869,869,887,True,899,True,887,True,571,True,887,True,887,True,887,True,687,True,883,True,899,True
ILSVRC2012_val_00024006.png,870,870,922,True,612,True,922,True,612,True,918,True,922,True,922,True,612,True,922,True,922,True
ILSVRC2012_val_00020297.png,871,871,918,True,57,True,918,True,918,True,918,True,918,True,937,True,918,True,918,True,918,True
ILSVRC2012_val_00005581.png,872,872,905,True,905,True,905,True,906,True,905,True,905,True,699,True,699,True,905,True,905,True
ILSVRC2012_val_00011069.png,873,873,831,True,431,True,831,True,653,True,431,True,653,True,604,True,653,True,457,True,457,True
ILSVRC2012_val_00030634.png,874,874,699,True,407,True,699,True,407,True,699,True,407,True,699,True,407,True,407,True,699,True
ILSVRC2012_val_00038949.png,875,875,751,True,751,True,751,True,592,True,751,True,655,True,566,True,655,True,655,True,655,True
ILSVRC2012_val_00007362.png,876,876,530,True,530,True,530,True,771,True,693,True,413,True,530,True,413,True,693,True,413,True
ILSVRC2012_val_00013218.png,877,877,364,True,364,True,364,True,397,True,602,True,397,True,364,True,602,True,602,True,877,False
ILSVRC2012_val_00002459.png,878,878,533,True,533,True,533,True,533,True,533,True,533,True,533,True,533,True,533,True,533,True
ILSVRC2012_val_00044306.png,879,879,688,True,688,True,688,True,688,True,688,True,688,True,688,True,688,True,688,True,688,True
ILSVRC2012_val_00017127.png,880,880,905,True,905,True,905,True,905,True,905,True,905,True,557,True,905,True,905,True,247,True
ILSVRC2012_val_00016269.png,881,881,905,True,905,True,905,True,795,True,670,True,457,True,622,True,457,True,622,True,429,True
ILSVRC2012_val_00030586.png,882,882,905,True,905,True,905,True,905,True,905,True,905,True,89,True,905,True,905,True,905,True
ILSVRC2012_val_00047419.png,883,883,798,True,798,True,798,True,798,True,798,True,798,True,798,True,798,True,798,True,798,True
ILSVRC2012_val_00031592.png,884,884,696,True,696,True,696,True,696,True,696,True,696,True,696,True,696,True,696,True,508,True
ILSVRC2012_val_00019945.png,885,885,670,True,670,True,670,True,465,True,465,True,465,True,7,True,751,True,751,True,670,True
ILSVRC2012_val_00025160.png,886,886,114,True,114,True,114,True,114,True,114,True,114,True,114,True,114,True,114,True,114,True
ILSVRC2012_val_00007841.png,887,887,751,True,751,True,751,True,751,True,751,True,751,True,751,True,751,True,751,True,722,True
ILSVRC2012_val_00003578.png,888,888,670,True,48,True,670,True,905,True,670,True,386,True,670,True,670,True,670,True,1,True
ILSVRC2012_val_00012169.png,889,889,742,True,644,True,637,True,644,True,609,True,972,True,742,True,615,True,63,True,40,True
ILSVRC2012_val_00036991.png,890,890,905,True,490,True,646,True,816,True,816,True,816,True,905,True,816,True,816,True,905,True
ILSVRC2012_val_00021825.png,891,891,665,True,852,True,665,True,852,True,665,True,852,True,665,True,869,True,869,True,794,True
ILSVRC2012_val_00040911.png,892,892,621,True,621,True,621,True,621,True,743,True,621,True,621,True,621,True,743,True,743,True
ILSVRC2012_val_00030330.png,893,893,693,True,550,True,693,True,693,True,550,True,693,True,693,True,693,True,550,True,550,True
ILSVRC2012_val_00016256.png,894,894,592,True,550,True,592,True,592,True,592,True,592,True,592,True,751,True,550,True,550,True
ILSVRC2012_val_00005087.png,895,895,595,True,595,True,595,True,595,True,855,True,220,True,220,True,855,True,187,True,595,True
ILSVRC2012_val_00020759.png,896,896,435,True,790,True,435,True,435,True,435,True,435,True,435,True,435,True,592,True,435,True
ILSVRC2012_val_00013523.png,897,897,798,True,798,True,670,True,798,True,751,True,798,True,798,True,670,True,673,True,670,True
ILSVRC2012_val_00049921.png,898,898,598,True,598,True,598,True,894,True,465,True,749,True,788,True,641,True,856,True,788,True
ILSVRC2012_val_00014215.png,899,899,795,True,795,True,795,True,795,True,795,True,795,True,795,True,795,True,795,True,795,True
ILSVRC2012_val_00043815.png,900,900,701,True,701,True,701,True,701,True,701,True,701,True,701,True,701,True,701,True,1000,True
ILSVRC2012_val_00037082.png,901,901,495,True,730,True,495,True,546,True,578,True,730,True,620,True,495,True,495,True,620,True
ILSVRC2012_val_00042683.png,902,902,701,True,701,True,701,True,701,True,701,True,1000,True,1000,True,1000,True,1000,True,1000,True
ILSVRC2012_val_00039649.png,903,903,670,True,670,True,670,True,756,True,795,True,670,True,670,True,463,True,415,True,841,True
ILSVRC2012_val_00006204.png,904,904,569,True,569,True,569,True,569,True,569,True,569,True,569,True,569,True,569,True,569,True
ILSVRC2012_val_00011364.png,905,905,790,True,790,True,790,True,790,True,790,True,790,True,790,True,795,True,905,False,905,False
ILSVRC2012_val_00041315.png,906,906,905,True,557,True,905,True,905,True,905,True,554,True,905,True,905,True,905,True,905,True
ILSVRC2012_val_00005652.png,907,907,701,True,701,True,701,True,701,True,701,True,701,True,701,True,701,True,701,True,701,True
ILSVRC2012_val_00016360.png,908,908,420,True,420,True,420,True,420,True,420,True,412,True,420,True,585,True,420,True,420,True
ILSVRC2012_val_00029081.png,909,909,432,True,592,True,637,True,795,True,412,True,432,True,432,True,832,True,589,True,749,True
ILSVRC2012_val_00003240.png,910,910,416,True,416,True,416,True,416,True,416,True,416,True,416,True,416,True,416,True,416,True
ILSVRC2012_val_00008796.png,911,911,886,True,795,True,795,True,722,True,905,True,886,True,749,True,633,True,681,True,911,False
ILSVRC2012_val_00035088.png,912,912,85,True,85,True,110,True,85,True,85,True,85,True,85,True,507,True,507,True,617,True
ILSVRC2012_val_00026143.png,913,913,906,True,906,True,906,True,906,True,906,True,832,True,906,True,906,True,906,True,906,True
ILSVRC2012_val_00042772.png,914,914,665,True,665,True,665,True,665,True,665,True,665,True,435,True,581,True,665,True,905,True
ILSVRC2012_val_00044801.png,915,915,905,True,905,True,905,True,719,True,670,True,905,True,905,True,620,True,620,True,491,True
ILSVRC2012_val_00000839.png,916,916,866,True,972,True,499,True,763,True,905,True,499,True,866,True,410,True,861,True,820,True
ILSVRC2012_val_00028582.png,917,917,550,True,550,True,550,True,550,True,550,True,550,True,550,True,550,True,550,True,917,False
ILSVRC2012_val_00012581.png,918,918,783,True,665,True,783,True,665,True,783,True,693,True,783,True,665,True,853,True,693,True
ILSVRC2012_val_00004799.png,919,919,919,False,919,False,919,False,919,False,919,False,919,False,919,False,919,False,919,False,919,False
ILSVRC2012_val_00036374.png,920,920,665,True,665,True,665,True,665,True,665,True,665,True,830,True,920,False,920,False,707,True
ILSVRC2012_val_00041032.png,921,921,670,True,670,True,905,True,905,True,905,True,670,True,670,True,905,True,905,True,670,True
ILSVRC2012_val_00009121.png,922,922,866,True,866,True,866,True,425,True,510,True,510,True,425,True,510,True,510,True,866,True
ILSVRC2012_val_00037378.png,923,923,917,True,922,True,764,True,917,True,917,True,917,True,903,True,922,True,917,True,764,True
ILSVRC2012_val_00003935.png,924,924,729,True,729,True,729,True,729,True,729,True,729,True,729,True,729,True,729,True,729,True
ILSVRC2012_val_00041996.png,925,925,670,True,670,True,670,True,670,True,670,True,886,True,670,True,602,True,602,True,602,True
ILSVRC2012_val_00017524.png,926,926,693,True,729,True,550,True,693,True,693,True,693,True,550,True,693,True,701,True,701,True
ILSVRC2012_val_00007171.png,927,927,925,True,925,True,925,True,925,True,925,True,925,True,925,True,925,True,925,True,925,True
ILSVRC2012_val_00006755.png,928,928,905,True,808,True,905,True,51,True,905,True,905,True,905,True,905,True,670,True,905,True
ILSVRC2012_val_00004495.png,929,929,936,True,936,True,936,True,936,True,936,True,936,True,936,True,936,True,936,True,936,True
ILSVRC2012_val_00048328.png,930,930,786,True,786,True,786,True,786,True,786,True,786,True,786,True,786,True,786,True,786,True
ILSVRC2012_val_00005025.png,931,931,905,True,407,True,905,True,664,True,670,True,916,True,905,True,780,True,612,True,742,True
ILSVRC2012_val_00043248.png,932,932,612,True,612,True,612,True,612,True,612,True,612,True,612,True,612,True,612,True,612,True
ILSVRC2012_val_00038744.png,933,933,905,True,905,True,905,True,74,True,320,True,905,True,905,True,328,True,74,True,328,True
ILSVRC2012_val_00004041.png,934,934,912,True,35,True,912,True,912,True,912,True,912,True,912,True,227,True,644,True,161,True
ILSVRC2012_val_00003930.png,935,935,592,True,592,True,592,True,592,True,592,True,592,True,592,True,497,True,592,True,592,True
ILSVRC2012_val_00042589.png,936,936,670,True,670,True,670,True,972,True,972,True,972,True,670,True,869,True,972,True,464,True
ILSVRC2012_val_00037102.png,937,937,905,True,905,True,888,True,449,True,972,True,905,True,320,True,647,True,885,True,449,True
ILSVRC2012_val_00038518.png,938,938,905,True,905,True,905,True,816,True,905,True,905,True,905,True,905,True,905,True,905,True
ILSVRC2012_val_00007774.png,939,939,886,True,795,True,592,True,886,True,886,True,886,True,886,True,886,True,722,True,886,True
ILSVRC2012_val_00017362.png,940,940,905,True,905,True,557,True,905,True,905,True,557,True,905,True,905,True,476,True,476,True
ILSVRC2012_val_00021629.png,941,941,736,True,453,True,912,True,736,True,736,True,736,True,825,True,958,True,912,True,853,True
ILSVRC2012_val_00024232.png,942,942,964,True,964,True,964,True,964,True,964,True,964,True,964,True,964,True,964,True,964,True
ILSVRC2012_val_00038404.png,943,943,751,True,751,True,798,True,798,True,751,True,497,True,751,True,497,True,807,True,497,True
ILSVRC2012_val_00022886.png,944,944,918,True,794,True,974,True,110,True,918,True,918,True,918,True,938,True,884,True,884,True
ILSVRC2012_val_00035395.png,945,945,751,True,751,True,751,True,886,True,612,True,816,True,751,True,751,True,612,True,947,True
ILSVRC2012_val_00027571.png,946,946,736,True,795,True,736,True,329,True,329,True,736,True,912,True,736,True,592,True,736,True
ILSVRC2012_val_00011027.png,947,947,329,True,329,True,329,True,947,False,329,True,329,True,329,True,947,False,947,False,947,False
ILSVRC2012_val_00048066.png,948,948,905,True,905,True,905,True,905,True,905,True,905,True,905,True,880,True,816,True,366,True
ILSVRC2012_val_00016141.png,949,949,527,True,841,True,527,True,761,True,841,True,697,True,740,True,740,True,813,True,740,True
ILSVRC2012_val_00031440.png,950,950,794,True,794,True,794,True,749,True,869,True,412,True,412,True,749,True,794,True,794,True
ILSVRC2012_val_00045114.png,951,951,526,True,980,True,526,True,113,True,113,True,113,True,526,True,973,True,980,True,816,True
ILSVRC2012_val_00001671.png,952,952,722,True,722,True,722,True,951,True,592,True,722,True,592,True,951,True,951,True,951,True
ILSVRC2012_val_00007013.png,953,953,943,True,943,True,943,True,943,True,943,True,943,True,943,True,943,True,943,True,943,True
ILSVRC2012_val_00004198.png,954,954,955,True,955,True,955,True,955,True,955,True,955,True,955,True,955,True,955,True,955,True
ILSVRC2012_val_00009227.png,955,955,943,True,943,True,943,True,943,True,943,True,943,True,943,True,943,True,943,True,943,True
ILSVRC2012_val_00048159.png,956,956,432,True,432,True,432,True,432,True,432,True,432,True,432,True,432,True,432,True,432,True
ILSVRC2012_val_00002644.png,957,957,905,True,905,True,612,True,612,True,905,True,612,True,905,True,905,True,612,True,905,True
ILSVRC2012_val_00010111.png,958,958,468,True,468,True,468,True,468,True,468,True,468,True,468,True,468,True,468,True,468,True
ILSVRC2012_val_00011427.png,959,959,905,True,905,True,905,True,905,True,905,True,905,True,905,True,905,True,905,True,905,True
ILSVRC2012_val_00013472.png,960,960,701,True,701,True,701,True,701,True,701,True,701,True,701,True,701,True,701,True,701,True
ILSVRC2012_val_00004935.png,961,961,905,True,905,True,905,True,905,True,905,True,905,True,905,True,670,True,670,True,670,True
ILSVRC2012_val_00032598.png,962,962,810,True,452,True,810,True,788,True,730,True,810,True,869,True,810,True,810,True,810,True
ILSVRC2012_val_00008075.png,963,963,924,True,924,True,924,True,924,True,923,True,869,True,869,True,125,True,924,True,125,True
ILSVRC2012_val_00015007.png,964,964,894,True,550,True,749,True,894,True,894,True,894,True,894,True,894,True,894,True,894,True
ILSVRC2012_val_00030875.png,965,965,962,True,962,True,962,True,962,True,962,True,962,True,962,True,962,True,962,True,962,True
ILSVRC2012_val_00010112.png,966,966,936,True,936,True,936,True,936,True,936,True,936,True,936,True,936,True,936,True,936,True
ILSVRC2012_val_00049309.png,967,967,605,True,605,True,605,True,605,True,605,True,605,True,605,True,605,True,605,True,605,True
ILSVRC2012_val_00028396.png,968,968,869,True,869,True,869,True,869,True,869,True,869,True,869,True,444,True,444,True,869,True
ILSVRC2012_val_00045302.png,969,969,905,True,905,True,905,True,905,True,905,True,905,True,905,True,905,True,905,True,905,True
ILSVRC2012_val_00019012.png,970,970,862,True,862,True,862,True,862,True,862,True,862,True,862,True,862,True,862,True,862,True
ILSVRC2012_val_00001292.png,971,971,592,True,592,True,592,True,592,True,795,True,592,True,592,True,592,True,795,True,592,True
ILSVRC2012_val_00010016.png,972,972,415,True,665,True,415,True,410,True,410,True,415,True,410,True,921,True,480,True,480,True
ILSVRC2012_val_00047843.png,973,973,905,True,905,True,825,True,905,True,905,True,905,True,905,True,905,True,592,True,905,True
ILSVRC2012_val_00015661.png,974,974,905,True,905,True,905,True,905,True,905,True,905,True,905,True,905,True,905,True,905,True
ILSVRC2012_val_00035544.png,975,975,905,True,905,True,905,True,905,True,905,True,905,True,905,True,905,True,905,True,905,True
ILSVRC2012_val_00003311.png,976,976,905,True,905,True,905,True,905,True,905,True,905,True,905,True,905,True,670,True,670,True
ILSVRC2012_val_00017332.png,977,977,905,True,905,True,859,True,880,True,808,True,854,True,905,True,550,True,859,True,426,True
ILSVRC2012_val_00047284.png,978,978,905,True,905,True,905,True,905,True,905,True,905,True,905,True,905,True,905,True,905,True
ILSVRC2012_val_00015471.png,979,979,905,True,905,True,905,True,905,True,905,True,905,True,905,True,905,True,905,True,905,True
ILSVRC2012_val_00005742.png,980,980,905,True,905,True,912,True,905,True,905,True,905,True,905,True,829,True,905,True,905,True
ILSVRC2012_val_00037959.png,981,981,894,True,894,True,894,True,609,True,609,True,609,True,894,True,792,True,609,True,609,True
ILSVRC2012_val_00005037.png,982,982,873,True,873,True,873,True,873,True,873,True,873,True,873,True,873,True,873,True,873,True
ILSVRC2012_val_00006006.png,983,983,550,True,420,True,722,True,420,True,550,True,550,True,550,True,550,True,846,True,550,True
ILSVRC2012_val_00027675.png,984,984,905,True,905,True,905,True,905,True,905,True,905,True,905,True,905,True,905,True,905,True
ILSVRC2012_val_00002321.png,985,985,905,True,592,True,905,True,795,True,905,True,905,True,905,True,905,True,905,True,906,True
ILSVRC2012_val_00010143.png,986,986,795,True,795,True,795,True,885,True,795,True,795,True,880,True,986,False,724,True,795,True
ILSVRC2012_val_00047346.png,987,987,620,True,620,True,462,True,751,True,462,True,462,True,620,True,855,True,855,True,855,True
ILSVRC2012_val_00048526.png,988,988,600,True,600,True,600,True,600,True,600,True,600,True,600,True,600,True,600,True,600,True
ILSVRC2012_val_00012754.png,989,989,114,True,114,True,114,True,114,True,114,True,114,True,114,True,114,True,114,True,114,True
ILSVRC2012_val_00006512.png,990,990,937,True,937,True,937,True,937,True,937,True,937,True,937,True,937,True,937,True,114,True
ILSVRC2012_val_00045215.png,991,991,851,True,851,True,851,True,851,True,203,True,851,True,851,True,851,True,851,True,851,True
ILSVRC2012_val_00044046.png,992,992,751,True,653,True,798,True,751,True,751,True,415,True,751,True,653,True,587,True,751,True
ILSVRC2012_val_00047343.png,993,993,592,True,886,True,592,True,110,True,110,True,795,True,592,True,592,True,795,True,974,True
ILSVRC2012_val_00042619.png,994,994,816,True,905,True,816,True,51,True,816,True,816,True,973,True,501,True,501,True,501,True
ILSVRC2012_val_00029762.png,995,995,7,True,7,True,751,True,59,True,7,True,7,True,7,True,751,True,117,True,70,True
ILSVRC2012_val_00004629.png,996,996,670,True,972,True,670,True,972,True,937,True,816,True,670,True,670,True,114,True,996,False
ILSVRC2012_val_00020929.png,997,997,592,True,592,True,460,True,50,True,592,True,110,True,592,True,51,True,50,True,754,True
ILSVRC2012_val_00025648.png,998,998,751,True,751,True,742,True,888,True,110,True,825,True,751,True,886,True,109,True,751,True
ILSVRC2012_val_00000412.png,999,999,751,True,751,True,644,True,751,True,644,True,751,True,751,True,751,True,644,True,751,True
ILSVRC2012_val_00041747.png,1000,1000,557,True,557,True,557,True,557,True,557,True,557,True,557,True,557,True,557,True,557,True
